{
	"Name": "CustomComponents",
	"Author": "Denadan",
	"Website": "https://github.com/Denadan/CustomComponents",

	"Enabled": true,
	"DependsOn": [],
	"DLL": "CustomComponents.dll",
	"DLLEntryPoint": "CustomComponents.Control.Init",

	"CustomResourceTypes": ["CCCategories", "CCDefaults", "CCTagRestrictions"],
	
	"Settings" : {
		"LogLevel": "Debug",
		"DebugInfo" : "Color",

		"Categories": [ ],
		"TagRestrictions": [ ],
		"ColorTags" : [ ],
		
		"TagRestrictionDropValidateRequiredTags":  false,
		"TagRestrictionDropValidateIncompatibleTags":  true,
		"UseDefaultFixedColor": false,
		"DefaultFlagBackgroundColor": "UpgradeColor",
		"InvalidFlagBackgroundColor" : "Red",
		"PreinstalledOverlayCColor": {
			"R": 180,
			"G": 255,
			"B": 180,
			"A": 40
		},
		"DefaultFlagOverlayCColor": {
			"R": 180,
			"G": 180,
			"B": 180,
			"A": 40
		},
		
		"CategoryDescriptionColor" : "#008000", 
		 
		"TestEnableAllTags": true,
		"OmniTechFlag": "cc_omnitech",
        "OmniTechCostBySize": false,
        "OmniTechInstallCost": 1,
		
		"OverrideSalvageGeneration" : true,
		"NoLootCTDestroyed" : false,

		"OverrideRecoveryChance" : true,
		"SalvageUnrecoveredMech" : true,
		"BaseRecoveryChance" : 0.6,
	    "LimbRecoveryPenalty" : 0.05,
		"TorsoRecoveryPenalty" : 0.1,
		"HeadRecoveryPenaly" : 0,
		"EjectRecoveryBonus" : 0.25,

		"OverrideMechPartCalculation" : true,
		"CenterTorsoDestroyedParts" : 1,
		"SalvageArmWeight" : 0.75,
		"SalvageLegWeight" : 0.75,
		"SalvageTorsoWeight" : 1,
		"SalvageHeadWeight" : 0.5,
	},	
		
	"Manifest": [
        {
            "Type": "CCCategories",
            "Path": "disabled test/categories/",
            "ShouldMergeJSON": false
        },
        {
            "Type": "CCDefaults",
            "Path": "disabled test/defaults/",
            "ShouldMergeJSON": false
        }
    ]
}