[
  {
    "FileName": "C:\\Games\\steamapps\\common\\BATTLETECH\\Mods\\ActivatableEquipment\\upgrades\\Gear_Cockpit_CPU.json",
    "Name": "CustomActivatableEquipment.Gear_Cockpit_CPU.UIName",
    "Localization": {
      "CULTURE_RU_RU": "Machine Spirit"
    }
  },
  {
    "FileName": "C:\\Games\\steamapps\\common\\BATTLETECH\\Mods\\ActivatableEquipment\\upgrades\\Gear_Cockpit_CPU.json",
    "Name": "CustomActivatableEquipment.Gear_Cockpit_CPU.Name",
    "Localization": {
      "CULTURE_RU_RU": "Machine Spirit"
    }
  },
  {
    "FileName": "C:\\Games\\steamapps\\common\\BATTLETECH\\Mods\\ActivatableEquipment\\upgrades\\Gear_Cockpit_CPU.json",
    "Name": "CustomActivatableEquipment.Gear_Cockpit_CPU.Details",
    "Localization": {
      "CULTURE_RU_RU": "Дух машины. Берет на себя значительную часть работы по тактическом планированию, управлению сенсорикой, работе со связью и микроконтролю миомерных мышц. Крутащиеся шестиренки когитатора радуют пилота и увеличивают храбрость и свирепость. Хотя возможно, дело в распыляемых через систему жизнеобеспечения боевых наркотиках"
    }
  },
  {
    "FileName": "C:\\Games\\steamapps\\common\\BATTLETECH\\Mods\\ActivatableEquipment\\upgrades\\Gear_Cockpit_CPU.json",
    "Name": "CustomActivatableEquipment.Gear_Cockpit_CPU.StatusEffect-Initiative-CPU.effect0.Name",
    "Localization": {
      "CULTURE_RU_RU": "ИНИЦИАТИВА"
    }
  },
  {
    "FileName": "C:\\Games\\steamapps\\common\\BATTLETECH\\Mods\\ActivatableEquipment\\upgrades\\Gear_Cockpit_CPU.json",
    "Name": "CustomActivatableEquipment.Gear_Cockpit_CPU.StatusEffect-AcePilot-CPU.effect1.Name",
    "Localization": {
      "CULTURE_RU_RU": "ACE PILOT"
    }
  },
  {
    "FileName": "C:\\Games\\steamapps\\common\\BATTLETECH\\Mods\\ActivatableEquipment\\upgrades\\Gear_Cockpit_CPU.json",
    "Name": "CustomActivatableEquipment.Gear_Cockpit_CPU.StatusEffect-Bulwark-CPU.effect2.Name",
    "Localization": {
      "CULTURE_RU_RU": "BULWARK"
    }
  },
  {
    "FileName": "C:\\Games\\steamapps\\common\\BATTLETECH\\Mods\\ActivatableEquipment\\upgrades\\Gear_Cockpit_CPU.json",
    "Name": "CustomActivatableEquipment.Gear_Cockpit_CPU.StatusEffect-Spotting_Gain-T3.effect3.Name",
    "Localization": {
      "CULTURE_RU_RU": "SPOTTING DISTANCE INCREASED"
    }
  },
  {
    "FileName": "C:\\Games\\steamapps\\common\\BATTLETECH\\Mods\\ActivatableEquipment\\upgrades\\Gear_Cockpit_CPU.json",
    "Name": "CustomActivatableEquipment.Gear_Cockpit_CPU.StatusEffect-Morale_Gain-T3.effect4.Name",
    "Localization": {
      "CULTURE_RU_RU": "MORALE GENERATION INCREASED"
    }
  },
  {
    "FileName": "C:\\Games\\steamapps\\common\\BATTLETECH\\Mods\\ActivatableEquipment\\upgrades\\Gear_Cockpit_CPU.json",
    "Name": "CustomActivatableEquipment.Gear_Cockpit_CPU.StatusEffect-Initiative-CPU.effect0.Details",
    "Localization": {
      "CULTURE_RU_RU": "Бонус [INVERSE_AMT] инициативы."
    }
  },
  {
    "FileName": "C:\\Games\\steamapps\\common\\BATTLETECH\\Mods\\ActivatableEquipment\\upgrades\\Gear_Cockpit_CPU.json",
    "Name": "CustomActivatableEquipment.Gear_Cockpit_CPU.StatusEffect-AcePilot-CPU.effect1.Details",
    "Localization": {
      "CULTURE_RU_RU": "Позволяет двигаться после стрельбы, если движений в этом ходу не было."
    }
  },
  {
    "FileName": "C:\\Games\\steamapps\\common\\BATTLETECH\\Mods\\ActivatableEquipment\\upgrades\\Gear_Cockpit_CPU.json",
    "Name": "CustomActivatableEquipment.Gear_Cockpit_CPU.StatusEffect-Bulwark-CPU.effect2.Details",
    "Localization": {
      "CULTURE_RU_RU": "PASSIVE: COVER and GUARDED states both provide 40% damage reduction rather than 20% damage reduction. COVER and GUARDED together provide 60% damage reduction."
    }
  },
  {
    "FileName": "C:\\Games\\steamapps\\common\\BATTLETECH\\Mods\\ActivatableEquipment\\upgrades\\Gear_Cockpit_CPU.json",
    "Name": "CustomActivatableEquipment.Gear_Cockpit_CPU.StatusEffect-Spotting_Gain-T3.effect3.Details",
    "Localization": {
      "CULTURE_RU_RU": "Increases spotting distance by [AMT]m."
    }
  },
  {
    "FileName": "C:\\Games\\steamapps\\common\\BATTLETECH\\Mods\\ActivatableEquipment\\upgrades\\Gear_Cockpit_CPU.json",
    "Name": "CustomActivatableEquipment.Gear_Cockpit_CPU.StatusEffect-Morale_Gain-T3.effect4.Details",
    "Localization": {
      "CULTURE_RU_RU": "Provides a [AMT] bonus to actions that generate Morale."
    }
  },
  {
    "FileName": "C:\\Games\\steamapps\\common\\BATTLETECH\\Mods\\ActivatableEquipment\\upgrades\\Gear_CoolingPod.json",
    "Name": "CustomActivatableEquipment.Gear_CoolingPod.UIName",
    "Localization": {
      "CULTURE_RU_RU": "Cooling pod"
    }
  },
  {
    "FileName": "C:\\Games\\steamapps\\common\\BATTLETECH\\Mods\\ActivatableEquipment\\upgrades\\Gear_CoolingPod.json",
    "Name": "CustomActivatableEquipment.Gear_CoolingPod.Name",
    "Localization": {
      "CULTURE_RU_RU": "Cooling pod"
    }
  },
  {
    "FileName": "C:\\Games\\steamapps\\common\\BATTLETECH\\Mods\\ActivatableEquipment\\upgrades\\Gear_CoolingPod.json",
    "Name": "CustomActivatableEquipment.Gear_CoolingPod.Details",
    "Localization": {
      "CULTURE_RU_RU": "Cooling pod"
    }
  },
  {
    "FileName": "C:\\Games\\steamapps\\common\\BATTLETECH\\Mods\\ActivatableEquipment\\upgrades\\Gear_CoolingPod.json",
    "Name": "CustomActivatableEquipment.Gear_CoolingPod.CoolantPod.CAE0.Name",
    "Localization": {
      "CULTURE_RU_RU": "COOLANT Pod"
    }
  },
  {
    "FileName": "C:\\Games\\steamapps\\common\\BATTLETECH\\Mods\\ActivatableEquipment\\upgrades\\Gear_CoolingPod.json",
    "Name": "CustomActivatableEquipment.Gear_CoolingPod.CoolantPod.CAE0.Details",
    "Localization": {
      "CULTURE_RU_RU": "Remove 50 extra heat."
    }
  },
  {
    "FileName": "C:\\Games\\steamapps\\common\\BATTLETECH\\Mods\\ActivatableEquipment\\upgrades\\Gear_CutArm.json",
    "Name": "CustomActivatableEquipment.Gear_CutArm.UIName",
    "Localization": {
      "CULTURE_RU_RU": "Cut Right Arm"
    }
  },
  {
    "FileName": "C:\\Games\\steamapps\\common\\BATTLETECH\\Mods\\ActivatableEquipment\\upgrades\\Gear_CutArm.json",
    "Name": "CustomActivatableEquipment.Gear_CutArm.Name",
    "Localization": {
      "CULTURE_RU_RU": "Cut Right Arm"
    }
  },
  {
    "FileName": "C:\\Games\\steamapps\\common\\BATTLETECH\\Mods\\ActivatableEquipment\\upgrades\\Gear_CutArm.json",
    "Name": "CustomActivatableEquipment.Gear_CutArm.Details",
    "Localization": {
      "CULTURE_RU_RU": "Cutoff Right Arm"
    }
  },
  {
    "FileName": "C:\\Games\\steamapps\\common\\BATTLETECH\\Mods\\ActivatableEquipment\\upgrades\\Gear_ECM.json",
    "Name": "CustomActivatableEquipment.Gear_ECM.UIName",
    "Localization": {
      "CULTURE_RU_RU": "ECM"
    }
  },
  {
    "FileName": "C:\\Games\\steamapps\\common\\BATTLETECH\\Mods\\ActivatableEquipment\\upgrades\\Gear_ECM.json",
    "Name": "CustomActivatableEquipment.Gear_ECM.Name",
    "Localization": {
      "CULTURE_RU_RU": "ECM"
    }
  },
  {
    "FileName": "C:\\Games\\steamapps\\common\\BATTLETECH\\Mods\\ActivatableEquipment\\upgrades\\Gear_ECM.json",
    "Name": "CustomActivatableEquipment.Gear_ECM.Details",
    "Localization": {
      "CULTURE_RU_RU": "ECM"
    }
  },
  {
    "FileName": "C:\\Games\\steamapps\\common\\BATTLETECH\\Mods\\ActivatableEquipment\\upgrades\\Gear_ECM.json",
    "Name": "CustomActivatableEquipment.Gear_ECM.ECMEffect_IndirectImmunity.CAE0.Name",
    "Localization": {
      "CULTURE_RU_RU": "ECM MISSILE DEFENSE"
    }
  },
  {
    "FileName": "C:\\Games\\steamapps\\common\\BATTLETECH\\Mods\\ActivatableEquipment\\upgrades\\Gear_ECM.json",
    "Name": "CustomActivatableEquipment.Gear_ECM.ECMEffect_MissileDefense.CAE1.Name",
    "Localization": {
      "CULTURE_RU_RU": "ECM MISSILE DEFENSE"
    }
  },
  {
    "FileName": "C:\\Games\\steamapps\\common\\BATTLETECH\\Mods\\ActivatableEquipment\\upgrades\\Gear_ECM.json",
    "Name": "CustomActivatableEquipment.Gear_ECM.ECMStealth_GhostEffect_Allies.CAE2.Name",
    "Localization": {
      "CULTURE_RU_RU": "STEALTH CHARGE"
    }
  },
  {
    "FileName": "C:\\Games\\steamapps\\common\\BATTLETECH\\Mods\\ActivatableEquipment\\upgrades\\Gear_ECM.json",
    "Name": "CustomActivatableEquipment.Gear_ECM.ECMStealth_GhostEffect.CAE3.Name",
    "Localization": {
      "CULTURE_RU_RU": "ECM CARRIER"
    }
  },
  {
    "FileName": "C:\\Games\\steamapps\\common\\BATTLETECH\\Mods\\ActivatableEquipment\\upgrades\\Gear_ECM.json",
    "Name": "CustomActivatableEquipment.Gear_ECM.ECMCounter_GhostSpotterEffect.CAE4.Name",
    "Localization": {
      "CULTURE_RU_RU": "STEALTH SPOTTER"
    }
  },
  {
    "FileName": "C:\\Games\\steamapps\\common\\BATTLETECH\\Mods\\ActivatableEquipment\\upgrades\\Gear_ECM.json",
    "Name": "CustomActivatableEquipment.Gear_ECM.ActiveProbe_Ping.CAE5.Name",
    "Localization": {
      "CULTURE_RU_RU": "ACTIVE PROBE PING"
    }
  },
  {
    "FileName": "C:\\Games\\steamapps\\common\\BATTLETECH\\Mods\\ActivatableEquipment\\upgrades\\Gear_ECM.json",
    "Name": "CustomActivatableEquipment.Gear_ECM.ECMEffect_IndirectImmunity.CAE0.Details",
    "Localization": {
      "CULTURE_RU_RU": "Friendly units within an ECM field gain +[AMT] Difficulty to missile attacks against them and immunity to Indirect Fire. Being Sensor Locked removes this effect."
    }
  },
  {
    "FileName": "C:\\Games\\steamapps\\common\\BATTLETECH\\Mods\\ActivatableEquipment\\upgrades\\Gear_ECM.json",
    "Name": "CustomActivatableEquipment.Gear_ECM.ECMEffect_MissileDefense.CAE1.Details",
    "Localization": {
      "CULTURE_RU_RU": "Friendly units within an ECM field gain +[AMT] Difficulty to missile attacks against them and immunity to Indirect Fire. Being Sensor Locked removes this effect."
    }
  },
  {
    "FileName": "C:\\Games\\steamapps\\common\\BATTLETECH\\Mods\\ActivatableEquipment\\upgrades\\Gear_ECM.json",
    "Name": "CustomActivatableEquipment.Gear_ECM.ECMStealth_GhostEffect_Allies.CAE2.Details",
    "Localization": {
      "CULTURE_RU_RU": "Units within an ECM field gain a Stealth Charge�and cannot be targeted.\n\nFiring a weapon, using an activated ability, or an enemy penetrating the ECM field removes a Stealth Charge. Being Sensor Locked removes all Stealth Charges."
    }
  },
  {
    "FileName": "C:\\Games\\steamapps\\common\\BATTLETECH\\Mods\\ActivatableEquipment\\upgrades\\Gear_ECM.json",
    "Name": "CustomActivatableEquipment.Gear_ECM.ECMStealth_GhostEffect.CAE3.Details",
    "Localization": {
      "CULTURE_RU_RU": "PASSIVE: The ECM carrier projects an ECM field, building Stealth Charges for itself and allies if it starts or ends its turn with no active enemy units within the field.\n\nECM carriers also receive a bonus Stealth Charge."
    }
  },
  {
    "FileName": "C:\\Games\\steamapps\\common\\BATTLETECH\\Mods\\ActivatableEquipment\\upgrades\\Gear_ECM.json",
    "Name": "CustomActivatableEquipment.Gear_ECM.ECMCounter_GhostSpotterEffect.CAE4.Details",
    "Localization": {
      "CULTURE_RU_RU": "This unit is spotting against an enemy ECM field, reducing Stealth Charges by 1 each round for all visible enemies within the field."
    }
  },
  {
    "FileName": "C:\\Games\\steamapps\\common\\BATTLETECH\\Mods\\ActivatableEquipment\\upgrades\\Gear_ECM.json",
    "Name": "CustomActivatableEquipment.Gear_ECM.ActiveProbe_Ping.CAE5.Details",
    "Localization": {
      "CULTURE_RU_RU": "Activated ability (uses Firing action). Performs a Sensor Lock against all enemies within its radius, as indicated by the spinning gold ring. Will go into cooldown state after use."
    }
  },
  {
    "FileName": "C:\\Games\\steamapps\\common\\BATTLETECH\\Mods\\ActivatableEquipment\\upgrades\\Gear_EngineCore.json",
    "Name": "CustomActivatableEquipment.Gear_EngineCore.UIName",
    "Localization": {
      "CULTURE_RU_RU": "TestEngineCore"
    }
  },
  {
    "FileName": "C:\\Games\\steamapps\\common\\BATTLETECH\\Mods\\ActivatableEquipment\\upgrades\\Gear_EngineCore.json",
    "Name": "CustomActivatableEquipment.Gear_EngineCore.Name",
    "Localization": {
      "CULTURE_RU_RU": "Test Engine Core"
    }
  },
  {
    "FileName": "C:\\Games\\steamapps\\common\\BATTLETECH\\Mods\\ActivatableEquipment\\upgrades\\Gear_EngineCore.json",
    "Name": "CustomActivatableEquipment.Gear_EngineCore.Details",
    "Localization": {
      "CULTURE_RU_RU": "Test Engine Core"
    }
  },
  {
    "FileName": "C:\\Games\\steamapps\\common\\BATTLETECH\\Mods\\ActivatableEquipment\\upgrades\\Gear_EngineCore.json",
    "Name": "CustomActivatableEquipment.Gear_EngineCore.Effect_MortarAttackInitiativeReduced.Expl0.Name",
    "Localization": {
      "CULTURE_RU_RU": "NUCLEAR BLAST AFFECTING INITIATIVE"
    }
  },
  {
    "FileName": "C:\\Games\\steamapps\\common\\BATTLETECH\\Mods\\ActivatableEquipment\\upgrades\\Gear_EngineCore.json",
    "Name": "CustomActivatableEquipment.Gear_EngineCore.Effect_MortarAttackAccuracyReduced.Expl1.Name",
    "Localization": {
      "CULTURE_RU_RU": "NUCLEAR BLAST AFFECTING ACCURACY"
    }
  },
  {
    "FileName": "C:\\Games\\steamapps\\common\\BATTLETECH\\Mods\\ActivatableEquipment\\upgrades\\Gear_EngineCore.json",
    "Name": "CustomActivatableEquipment.Gear_EngineCore.DesignMaskRadiation.Expl2.Name",
    "Localization": {
      "CULTURE_RU_RU": "RADIATION"
    }
  },
  {
    "FileName": "C:\\Games\\steamapps\\common\\BATTLETECH\\Mods\\ActivatableEquipment\\upgrades\\Gear_EngineCore.json",
    "Name": "CustomActivatableEquipment.Gear_EngineCore.Effect_MortarAttackInitiativeReduced.Expl0.Details",
    "Localization": {
      "CULTURE_RU_RU": "Баллистический шок, тепловая волна волна от взрыва, презагрузка БЦВМ из-за электромагнитной волны, перспектива лучевой болезни пугают пилота. Потеря инициативы [AMT] на один ход."
    }
  },
  {
    "FileName": "C:\\Games\\steamapps\\common\\BATTLETECH\\Mods\\ActivatableEquipment\\upgrades\\Gear_EngineCore.json",
    "Name": "CustomActivatableEquipment.Gear_EngineCore.Effect_MortarAttackAccuracyReduced.Expl1.Details",
    "Localization": {
      "CULTURE_RU_RU": "Баллистический шок, тепловая волна волна от взрыва, презагрузка БЦВМ из-за электромагнитной волны, перспектива лучевой болезни пугают пилота. Штраф к точности [AMT] на два хода."
    }
  },
  {
    "FileName": "C:\\Games\\steamapps\\common\\BATTLETECH\\Mods\\ActivatableEquipment\\upgrades\\Gear_EngineCore.json",
    "Name": "CustomActivatableEquipment.Gear_EngineCore.DesignMaskRadiation.Expl2.Details",
    "Localization": {
      "CULTURE_RU_RU": "Вторичная радиация от взрыва вызывает проблемы в системе охлаждения. Штраф к способности теплорассеивания [AMT]."
    }
  },
  {
    "FileName": "C:\\Games\\steamapps\\common\\BATTLETECH\\Mods\\ActivatableEquipment\\upgrades\\Gear_EngineType.json",
    "Name": "CustomActivatableEquipment.Gear_EngineType.UIName",
    "Localization": {
      "CULTURE_RU_RU": "TestEngineType"
    }
  },
  {
    "FileName": "C:\\Games\\steamapps\\common\\BATTLETECH\\Mods\\ActivatableEquipment\\upgrades\\Gear_EngineType.json",
    "Name": "CustomActivatableEquipment.Gear_EngineType.Name",
    "Localization": {
      "CULTURE_RU_RU": "Test Engine Type"
    }
  },
  {
    "FileName": "C:\\Games\\steamapps\\common\\BATTLETECH\\Mods\\ActivatableEquipment\\upgrades\\Gear_EngineType.json",
    "Name": "CustomActivatableEquipment.Gear_EngineType.Details",
    "Localization": {
      "CULTURE_RU_RU": "Test Engine Type"
    }
  },
  {
    "FileName": "C:\\Games\\steamapps\\common\\BATTLETECH\\Mods\\ActivatableEquipment\\upgrades\\Gear_EngineType.json",
    "Name": "CustomActivatableEquipment.Gear_EngineType.StatusEffect-CoreProtectVFX.CAE0.Name",
    "Localization": {
      "CULTURE_RU_RU": "ENGINE CORE PROTECTED"
    }
  },
  {
    "FileName": "C:\\Games\\steamapps\\common\\BATTLETECH\\Mods\\ActivatableEquipment\\upgrades\\Gear_EngineType.json",
    "Name": "CustomActivatableEquipment.Gear_EngineType.StatusEffect-CoreProtectDamage.CAE1.Name",
    "Localization": {
      "CULTURE_RU_RU": "ENGINE CORE PROTECTED"
    }
  },
  {
    "FileName": "C:\\Games\\steamapps\\common\\BATTLETECH\\Mods\\ActivatableEquipment\\upgrades\\Gear_EngineType.json",
    "Name": "CustomActivatableEquipment.Gear_EngineType.StatusEffect-CoreProtectStatusEffects.CAE2.Name",
    "Localization": {
      "CULTURE_RU_RU": "ENGINE CORE PROTECTED"
    }
  },
  {
    "FileName": "C:\\Games\\steamapps\\common\\BATTLETECH\\Mods\\ActivatableEquipment\\upgrades\\Gear_EngineType.json",
    "Name": "CustomActivatableEquipment.Gear_EngineType.StatusEffect-CoreProtectVFX.CAE0.Details",
    "Localization": {
      "CULTURE_RU_RU": "Protect engine core"
    }
  },
  {
    "FileName": "C:\\Games\\steamapps\\common\\BATTLETECH\\Mods\\ActivatableEquipment\\upgrades\\Gear_EngineType.json",
    "Name": "CustomActivatableEquipment.Gear_EngineType.StatusEffect-CoreProtectDamage.CAE1.Details",
    "Localization": {
      "CULTURE_RU_RU": "Protect engine core"
    }
  },
  {
    "FileName": "C:\\Games\\steamapps\\common\\BATTLETECH\\Mods\\ActivatableEquipment\\upgrades\\Gear_EngineType.json",
    "Name": "CustomActivatableEquipment.Gear_EngineType.StatusEffect-CoreProtectStatusEffects.CAE2.Details",
    "Localization": {
      "CULTURE_RU_RU": "Protect engine core"
    }
  },
  {
    "FileName": "C:\\Games\\steamapps\\common\\BATTLETECH\\Mods\\ActivatableEquipment\\upgrades\\Gear_EngineType.json",
    "Name": "CustomActivatableEquipment.Gear_EngineType.DesignMaskRadiation.Expl0.Name",
    "Localization": {
      "CULTURE_RU_RU": "RADIATION"
    }
  },
  {
    "FileName": "C:\\Games\\steamapps\\common\\BATTLETECH\\Mods\\ActivatableEquipment\\upgrades\\Gear_EngineType.json",
    "Name": "CustomActivatableEquipment.Gear_EngineType.DesignMaskRadiation.Expl0.Details",
    "Localization": {
      "CULTURE_RU_RU": "Вторичная радиация от взрыва вызывает проблемы в системе охлаждения. Штраф к способности теплорассеивания [AMT]."
    }
  },
  {
    "FileName": "C:\\Games\\steamapps\\common\\BATTLETECH\\Mods\\ActivatableEquipment\\upgrades\\Gear_Harjel.json",
    "Name": "CustomActivatableEquipment.Gear_Harjel.UIName",
    "Localization": {
      "CULTURE_RU_RU": "Harjel"
    }
  },
  {
    "FileName": "C:\\Games\\steamapps\\common\\BATTLETECH\\Mods\\ActivatableEquipment\\upgrades\\Gear_Harjel.json",
    "Name": "CustomActivatableEquipment.Gear_Harjel.Name",
    "Localization": {
      "CULTURE_RU_RU": "Harjel"
    }
  },
  {
    "FileName": "C:\\Games\\steamapps\\common\\BATTLETECH\\Mods\\ActivatableEquipment\\upgrades\\Gear_Harjel.json",
    "Name": "CustomActivatableEquipment.Gear_Harjel.Details",
    "Localization": {
      "CULTURE_RU_RU": "Harjel"
    }
  },
  {
    "FileName": "C:\\Games\\steamapps\\common\\BATTLETECH\\Mods\\ActivatableEquipment\\upgrades\\Gear_MASC.json",
    "Name": "CustomActivatableEquipment.Gear_MASC.UIName",
    "Localization": {
      "CULTURE_RU_RU": "M.A.S.C.(IS) Assault"
    }
  },
  {
    "FileName": "C:\\Games\\steamapps\\common\\BATTLETECH\\Mods\\ActivatableEquipment\\upgrades\\Gear_MASC.json",
    "Name": "CustomActivatableEquipment.Gear_MASC.Name",
    "Localization": {
      "CULTURE_RU_RU": "M.A.S.C.(IS) Assault"
    }
  },
  {
    "FileName": "C:\\Games\\steamapps\\common\\BATTLETECH\\Mods\\ActivatableEquipment\\upgrades\\Gear_MASC.json",
    "Name": "CustomActivatableEquipment.Gear_MASC.Details",
    "Localization": {
      "CULTURE_RU_RU": "Myomer Accelerator Signal Circuitry Inner Sphere Assault"
    }
  },
  {
    "FileName": "C:\\Games\\steamapps\\common\\BATTLETECH\\Mods\\ActivatableEquipment\\upgrades\\Gear_MASC.json",
    "Name": "CustomActivatableEquipment.Gear_MASC.StatusEffect-MASC-WalkSpeedDouble.CAE0.Name",
    "Localization": {
      "CULTURE_RU_RU": "MASC DOUBLE SPEED"
    }
  },
  {
    "FileName": "C:\\Games\\steamapps\\common\\BATTLETECH\\Mods\\ActivatableEquipment\\upgrades\\Gear_MASC.json",
    "Name": "CustomActivatableEquipment.Gear_MASC.StatusEffect-MASC-RunSpeedDouble.CAE1.Name",
    "Localization": {
      "CULTURE_RU_RU": "MASC DOUBLE SPEED"
    }
  },
  {
    "FileName": "C:\\Games\\steamapps\\common\\BATTLETECH\\Mods\\ActivatableEquipment\\upgrades\\Gear_MASC.json",
    "Name": "CustomActivatableEquipment.Gear_MASC.StatusEffect-MASC-WalkSpeedDouble.CAE0.Details",
    "Localization": {
      "CULTURE_RU_RU": "Speed doubled"
    }
  },
  {
    "FileName": "C:\\Games\\steamapps\\common\\BATTLETECH\\Mods\\ActivatableEquipment\\upgrades\\Gear_MASC.json",
    "Name": "CustomActivatableEquipment.Gear_MASC.StatusEffect-MASC-RunSpeedDouble.CAE1.Details",
    "Localization": {
      "CULTURE_RU_RU": "Speed doubled"
    }
  },
  {
    "FileName": "C:\\Games\\steamapps\\common\\BATTLETECH\\Mods\\ActivatableEquipment\\upgrades\\Gear_Sensor_Prototype_EWE3.json",
    "Name": "CustomActivatableEquipment.Gear_Sensor_Prototype_EWE3.UIName",
    "Localization": {
      "CULTURE_RU_RU": "X-3 EW Equipment"
    }
  },
  {
    "FileName": "C:\\Games\\steamapps\\common\\BATTLETECH\\Mods\\ActivatableEquipment\\upgrades\\Gear_Sensor_Prototype_EWE3.json",
    "Name": "CustomActivatableEquipment.Gear_Sensor_Prototype_EWE3.Name",
    "Localization": {
      "CULTURE_RU_RU": "EW SUITE (Prototype)"
    }
  },
  {
    "FileName": "C:\\Games\\steamapps\\common\\BATTLETECH\\Mods\\ActivatableEquipment\\upgrades\\Gear_Sensor_Prototype_EWE3.json",
    "Name": "CustomActivatableEquipment.Gear_Sensor_Prototype_EWE3.Details",
    "Localization": {
      "CULTURE_RU_RU": "Prototype Electronic Warfare component. Adds an ECM field that provides a passive defence against missiles and immunity to indirect fire. Friendly units in the ECM field also gain Stealth Charges and cannot be targeted by direct fire unless spotted by enemy units within the ECM field or sensor locked. The ECM carrier gains an additional Stealth Charge.\n\nThe EW Suite also adds the Active Probe ability to unit's weapons panel. Active Probe is a triggered ability that uses the firing action and performs a Sensor Lock against all enemies within range. Note: you can only equip one Prototype component on most Mechs."
    }
  },
  {
    "FileName": "C:\\Games\\steamapps\\common\\BATTLETECH\\Mods\\ActivatableEquipment\\upgrades\\Gear_Sensor_Prototype_EWE3.json",
    "Name": "CustomActivatableEquipment.Gear_Sensor_Prototype_EWE3.ActiveProbe_Ping.effect0.Name",
    "Localization": {
      "CULTURE_RU_RU": "ACTIVE PROBE PING"
    }
  },
  {
    "FileName": "C:\\Games\\steamapps\\common\\BATTLETECH\\Mods\\ActivatableEquipment\\upgrades\\Gear_Sensor_Prototype_EWE3.json",
    "Name": "CustomActivatableEquipment.Gear_Sensor_Prototype_EWE3.ActiveProbe_Ping.effect0.Details",
    "Localization": {
      "CULTURE_RU_RU": "Activated ability (uses Firing action). Performs a Sensor Lock against all enemies within its radius, as indicated by the spinning gold ring. Will go into cooldown state after use."
    }
  },
  {
    "FileName": "C:\\Games\\steamapps\\common\\BATTLETECH\\Mods\\ActivatableEquipment\\upgrades\\Gear_Sensor_Prototype_EWE3.json",
    "Name": "CustomActivatableEquipment.Gear_Sensor_Prototype_EWE3.ECMEffect_IndirectImmunity.CAE0.Name",
    "Localization": {
      "CULTURE_RU_RU": "ECM MISSILE DEFENSE"
    }
  },
  {
    "FileName": "C:\\Games\\steamapps\\common\\BATTLETECH\\Mods\\ActivatableEquipment\\upgrades\\Gear_Sensor_Prototype_EWE3.json",
    "Name": "CustomActivatableEquipment.Gear_Sensor_Prototype_EWE3.ECMEffect_MissileDefense.CAE1.Name",
    "Localization": {
      "CULTURE_RU_RU": "ECM MISSILE DEFENSE"
    }
  },
  {
    "FileName": "C:\\Games\\steamapps\\common\\BATTLETECH\\Mods\\ActivatableEquipment\\upgrades\\Gear_Sensor_Prototype_EWE3.json",
    "Name": "CustomActivatableEquipment.Gear_Sensor_Prototype_EWE3.ECMStealth_GhostEffect_Allies.CAE2.Name",
    "Localization": {
      "CULTURE_RU_RU": "STEALTH CHARGE"
    }
  },
  {
    "FileName": "C:\\Games\\steamapps\\common\\BATTLETECH\\Mods\\ActivatableEquipment\\upgrades\\Gear_Sensor_Prototype_EWE3.json",
    "Name": "CustomActivatableEquipment.Gear_Sensor_Prototype_EWE3.ECMStealth_GhostEffect.CAE3.Name",
    "Localization": {
      "CULTURE_RU_RU": "ECM CARRIER"
    }
  },
  {
    "FileName": "C:\\Games\\steamapps\\common\\BATTLETECH\\Mods\\ActivatableEquipment\\upgrades\\Gear_Sensor_Prototype_EWE3.json",
    "Name": "CustomActivatableEquipment.Gear_Sensor_Prototype_EWE3.ECMCounter_GhostSpotterEffect.CAE4.Name",
    "Localization": {
      "CULTURE_RU_RU": "STEALTH SPOTTER"
    }
  },
  {
    "FileName": "C:\\Games\\steamapps\\common\\BATTLETECH\\Mods\\ActivatableEquipment\\upgrades\\Gear_Sensor_Prototype_EWE3.json",
    "Name": "CustomActivatableEquipment.Gear_Sensor_Prototype_EWE3.ECMEffect_IndirectImmunity.CAE0.Details",
    "Localization": {
      "CULTURE_RU_RU": "Friendly units within an ECM field gain +[AMT] Difficulty to missile attacks against them and immunity to Indirect Fire. Being Sensor Locked removes this effect."
    }
  },
  {
    "FileName": "C:\\Games\\steamapps\\common\\BATTLETECH\\Mods\\ActivatableEquipment\\upgrades\\Gear_Sensor_Prototype_EWE3.json",
    "Name": "CustomActivatableEquipment.Gear_Sensor_Prototype_EWE3.ECMEffect_MissileDefense.CAE1.Details",
    "Localization": {
      "CULTURE_RU_RU": "Friendly units within an ECM field gain +[AMT] Difficulty to missile attacks against them and immunity to Indirect Fire. Being Sensor Locked removes this effect."
    }
  },
  {
    "FileName": "C:\\Games\\steamapps\\common\\BATTLETECH\\Mods\\ActivatableEquipment\\upgrades\\Gear_Sensor_Prototype_EWE3.json",
    "Name": "CustomActivatableEquipment.Gear_Sensor_Prototype_EWE3.ECMStealth_GhostEffect_Allies.CAE2.Details",
    "Localization": {
      "CULTURE_RU_RU": "Units within an ECM field gain a Stealth Charge and cannot be targeted.\n\nFiring a weapon, using an activated ability, or an enemy penetrating the ECM field removes a Stealth Charge. Being Sensor Locked removes all Stealth Charges."
    }
  },
  {
    "FileName": "C:\\Games\\steamapps\\common\\BATTLETECH\\Mods\\ActivatableEquipment\\upgrades\\Gear_Sensor_Prototype_EWE3.json",
    "Name": "CustomActivatableEquipment.Gear_Sensor_Prototype_EWE3.ECMStealth_GhostEffect.CAE3.Details",
    "Localization": {
      "CULTURE_RU_RU": "ПАССИВНО: The ECM carrier projects an ECM field, building Stealth Charges for itself and allies if it starts or ends its turn with no active enemy units within the field.\n\nECM carriers also receive a bonus Stealth Charge."
    }
  },
  {
    "FileName": "C:\\Games\\steamapps\\common\\BATTLETECH\\Mods\\ActivatableEquipment\\upgrades\\Gear_Sensor_Prototype_EWE3.json",
    "Name": "CustomActivatableEquipment.Gear_Sensor_Prototype_EWE3.ECMCounter_GhostSpotterEffect.CAE4.Details",
    "Localization": {
      "CULTURE_EN_US": "This unit is spotting against an enemy ECM field, reducing Stealth Charges by 1 each round for all visible enemies within the field.",
      "CULTURE_DE_DE": "This unit is spotting against an enemy ECM field, reducing Stealth Charges by 1 each round for all visible enemies within the field.",
      "CULTURE_RU_RU": "Эта боевая единица мешает работе вражеских СРЭБ, уменьшая Заряды Невидимости на 1 каждый раунд для всех видимых врагов в поле действия."
    }
  },
  {
    "FileName": "C:\\Games\\steamapps\\common\\BATTLETECH\\Mods\\ActivatableEquipment\\upgrades\\Gear_SpeedBooster.json",
    "Name": "CustomActivatableEquipment.Gear_SpeedBooster.UIName",
    "Localization": {
      "CULTURE_RU_RU": "Стальный мышцы"
    }
  },
  {
    "FileName": "C:\\Games\\steamapps\\common\\BATTLETECH\\Mods\\ActivatableEquipment\\upgrades\\Gear_SpeedBooster.json",
    "Name": "CustomActivatableEquipment.Gear_SpeedBooster.Name",
    "Localization": {
      "CULTURE_RU_RU": "Стальный мышцы"
    }
  },
  {
    "FileName": "C:\\Games\\steamapps\\common\\BATTLETECH\\Mods\\ActivatableEquipment\\upgrades\\Gear_SpeedBooster.json",
    "Name": "CustomActivatableEquipment.Gear_SpeedBooster.Details",
    "Localization": {
      "CULTURE_RU_RU": "Стальные мускулы снятые с титана класса 'Гончая'. Позволяют, в случае необходимости утроить скорость передвижения"
    }
  },
  {
    "FileName": "C:\\Games\\steamapps\\common\\BATTLETECH\\Mods\\ActivatableEquipment\\upgrades\\Gear_SpeedBooster.json",
    "Name": "CustomActivatableEquipment.Gear_SpeedBooster.StatusEffect-MASC-WalkSpeedDouble.CAE0.Name",
    "Localization": {
      "CULTURE_RU_RU": "СКОРОСТЬ УДВОЕНА"
    }
  },
  {
    "FileName": "C:\\Games\\steamapps\\common\\BATTLETECH\\Mods\\ActivatableEquipment\\upgrades\\Gear_SpeedBooster.json",
    "Name": "CustomActivatableEquipment.Gear_SpeedBooster.StatusEffect-MASC-RunSpeedDouble.CAE1.Name",
    "Localization": {
      "CULTURE_RU_RU": "СКОРОСТЬ УДВОЕНА"
    }
  },
  {
    "FileName": "C:\\Games\\steamapps\\common\\BATTLETECH\\Mods\\ActivatableEquipment\\upgrades\\Gear_SpeedBooster.json",
    "Name": "CustomActivatableEquipment.Gear_SpeedBooster.StatusEffect-MASC-WalkSpeedDouble.CAE0.Details",
    "Localization": {
      "CULTURE_RU_RU": "Скорость удвоена"
    }
  },
  {
    "FileName": "C:\\Games\\steamapps\\common\\BATTLETECH\\Mods\\ActivatableEquipment\\upgrades\\Gear_SpeedBooster.json",
    "Name": "CustomActivatableEquipment.Gear_SpeedBooster.StatusEffect-MASC-RunSpeedDouble.CAE1.Details",
    "Localization": {
      "CULTURE_RU_RU": "Скорость удвоена"
    }
  },
  {
    "FileName": "C:\\Games\\steamapps\\common\\BATTLETECH\\Mods\\ActivatableEquipment\\upgrades\\Gear_TargetModule.json",
    "Name": "CustomActivatableEquipment.Gear_TargetModule.UIName",
    "Localization": {
      "CULTURE_EN_US": "Target module",
      "CULTURE_DE_DE": "Target module",
      "CULTURE_RU_RU": "Прицельный компьютер"
    }
  },
  {
    "FileName": "C:\\Games\\steamapps\\common\\BATTLETECH\\Mods\\ActivatableEquipment\\upgrades\\Gear_TargetModule.json",
    "Name": "CustomActivatableEquipment.Gear_TargetModule.Name",
    "Localization": {
      "CULTURE_EN_US": "Target module",
      "CULTURE_DE_DE": "Target module",
      "CULTURE_RU_RU": "Прицельный компьютер"
    }
  },
  {
    "FileName": "C:\\Games\\steamapps\\common\\BATTLETECH\\Mods\\ActivatableEquipment\\upgrades\\Gear_TargetModule.json",
    "Name": "CustomActivatableEquipment.Gear_TargetModule.Details",
    "Localization": {
      "CULTURE_EN_US": "Target module",
      "CULTURE_DE_DE": "Target module",
      "CULTURE_RU_RU": "Прицельный компьютер"
    }
  },
  {
    "FileName": "C:\\Games\\steamapps\\common\\BATTLETECH\\Mods\\ActivatableEquipment\\upgrades\\Gear_TargetModule.json",
    "Name": "CustomActivatableEquipment.Gear_TargetModule.TargetModuleLongRangeMRDebuff.CAE0.Name",
    "Localization": {
      "CULTURE_EN_US": "Long range",
      "CULTURE_DE_DE": "Long range",
      "CULTURE_RU_RU": "Большой радиус."
    }
  },
  {
    "FileName": "C:\\Games\\steamapps\\common\\BATTLETECH\\Mods\\ActivatableEquipment\\upgrades\\Gear_TargetModule.json",
    "Name": "CustomActivatableEquipment.Gear_TargetModule.TargetModuleLongRangeSRDebuff.CAE1.Name",
    "Localization": {
      "CULTURE_EN_US": "Long range",
      "CULTURE_DE_DE": "Long range",
      "CULTURE_RU_RU": "Большой радиус."
    }
  },
  {
    "FileName": "C:\\Games\\steamapps\\common\\BATTLETECH\\Mods\\ActivatableEquipment\\upgrades\\Gear_TargetModule.json",
    "Name": "CustomActivatableEquipment.Gear_TargetModule.TargetModuleLongRangeLRBuff.CAE2.Name",
    "Localization": {
      "CULTURE_EN_US": "Long range",
      "CULTURE_DE_DE": "Long range",
      "CULTURE_RU_RU": "Большой радиус."
    }
  },
  {
    "FileName": "C:\\Games\\steamapps\\common\\BATTLETECH\\Mods\\ActivatableEquipment\\upgrades\\Gear_TargetModule.json",
    "Name": "CustomActivatableEquipment.Gear_TargetModule.TargetModuleLongRangeMRDebuff.CAE0.Details",
    "Localization": {
      "CULTURE_EN_US": "Long range.",
      "CULTURE_DE_DE": "Long range.",
      "CULTURE_RU_RU": "Большой радиус."
    }
  },
  {
    "FileName": "C:\\Games\\steamapps\\common\\BATTLETECH\\Mods\\ActivatableEquipment\\upgrades\\Gear_TargetModule.json",
    "Name": "CustomActivatableEquipment.Gear_TargetModule.TargetModuleLongRangeSRDebuff.CAE1.Details",
    "Localization": {
      "CULTURE_EN_US": "Long range.",
      "CULTURE_DE_DE": "Long range.",
      "CULTURE_RU_RU": "Большой радиус."
    }
  },
  {
    "FileName": "C:\\Games\\steamapps\\common\\BATTLETECH\\Mods\\ActivatableEquipment\\upgrades\\Gear_TargetModule.json",
    "Name": "CustomActivatableEquipment.Gear_TargetModule.TargetModuleLongRangeLRBuff.CAE2.Details",
    "Localization": {
      "CULTURE_EN_US": "Long range.",
      "CULTURE_DE_DE": "Long range.",
      "CULTURE_RU_RU": "Большой радиус."
    }
  },
  {
    "FileName": "C:\\Games\\steamapps\\common\\BATTLETECH\\Mods\\ActivatableEquipment\\upgrades\\Gear_TargetModule.json",
    "Name": "CustomActivatableEquipment.Gear_TargetModule.TargetModuleLongRangeLRDebuff.CAEOFF0.Name",
    "Localization": {
      "CULTURE_RU_RU": "Большой радиус."
    }
  },
  {
    "FileName": "C:\\Games\\steamapps\\common\\BATTLETECH\\Mods\\ActivatableEquipment\\upgrades\\Gear_TargetModule.json",
    "Name": "CustomActivatableEquipment.Gear_TargetModule.TargetModuleLongRangeLRDebuff.CAEOFF0.Details",
    "Localization": {
      "CULTURE_RU_RU": "Большой радиус."
    }
  },
  {
    "FileName": "C:\\Games\\steamapps\\common\\BATTLETECH\\Mods\\ActivatableEquipment\\upgrades\\Gear_TSM.json",
    "Name": "CustomActivatableEquipment.Gear_TSM.UIName",
    "Localization": {
      "CULTURE_RU_RU": "МУС"
    }
  },
  {
    "FileName": "C:\\Games\\steamapps\\common\\BATTLETECH\\Mods\\ActivatableEquipment\\upgrades\\Gear_TSM.json",
    "Name": "CustomActivatableEquipment.Gear_TSM.Name",
    "Localization": {
      "CULTURE_RU_RU": "МУС"
    }
  },
  {
    "FileName": "C:\\Games\\steamapps\\common\\BATTLETECH\\Mods\\ActivatableEquipment\\upgrades\\Gear_TSM.json",
    "Name": "CustomActivatableEquipment.Gear_TSM.Details",
    "Localization": {
      "CULTURE_RU_RU": "Миомер Утроенной Силы"
    }
  },
  {
    "FileName": "C:\\Games\\steamapps\\common\\BATTLETECH\\Mods\\ActivatableEquipment\\upgrades\\Gear_TSM.json",
    "Name": "CustomActivatableEquipment.Gear_TSM.StatusEffect-MeleeWeapon-TSM.CAE0.Name",
    "Localization": {
      "CULTURE_RU_RU": "РУКОПАШНАЯ УРОН УДВОЕН"
    }
  },
  {
    "FileName": "C:\\Games\\steamapps\\common\\BATTLETECH\\Mods\\ActivatableEquipment\\upgrades\\Gear_TSM.json",
    "Name": "CustomActivatableEquipment.Gear_TSM.StatusEffect-TSM-WalkSpeedDouble.CAE1.Name",
    "Localization": {
      "CULTURE_RU_RU": "МУС УДВНОИЛ СКОРОСТЬ"
    }
  },
  {
    "FileName": "C:\\Games\\steamapps\\common\\BATTLETECH\\Mods\\ActivatableEquipment\\upgrades\\Gear_TSM.json",
    "Name": "CustomActivatableEquipment.Gear_TSM.StatusEffect-TSM-RunSpeedDouble.CAE2.Name",
    "Localization": {
      "CULTURE_RU_RU": "МУС УДВНОИЛ СКОРОСТЬ"
    }
  },
  {
    "FileName": "C:\\Games\\steamapps\\common\\BATTLETECH\\Mods\\ActivatableEquipment\\upgrades\\Gear_TSM.json",
    "Name": "CustomActivatableEquipment.Gear_TSM.StatusEffect-MeleeWeapon-TSM.CAE0.Details",
    "Localization": {
      "CULTURE_RU_RU": "Урон в рукопашной удвоен"
    }
  },
  {
    "FileName": "C:\\Games\\steamapps\\common\\BATTLETECH\\Mods\\ActivatableEquipment\\upgrades\\Gear_TSM.json",
    "Name": "CustomActivatableEquipment.Gear_TSM.StatusEffect-TSM-WalkSpeedDouble.CAE1.Details",
    "Localization": {
      "CULTURE_RU_RU": "Скорость удвоена"
    }
  },
  {
    "FileName": "C:\\Games\\steamapps\\common\\BATTLETECH\\Mods\\ActivatableEquipment\\upgrades\\Gear_TSM.json",
    "Name": "CustomActivatableEquipment.Gear_TSM.StatusEffect-TSM-RunSpeedDouble.CAE2.Details",
    "Localization": {
      "CULTURE_RU_RU": "Скорость удвоена"
    }
  },
  {
    "FileName": "",
    "Name": "CAE.SelectedTargetForbidden",
    "Localization": {
      "CULTURE_RU_RU": "\nВы не можете работать с оборудованием пока выбрана цель"
    }
  },
  {
    "FileName": "",
    "Name": "CAE.NotAvaibleThisPhase",
    "Localization": {
      "CULTURE_RU_RU": "\nВы не можете управлять данным мехом. Дождитесь своего хода"
    }
  },
  {
    "FileName": "",
    "Name": "CAE.StandUpFail",
    "Localization": {
      "CULTURE_RU_RU": "ПОПТЫКА ВСТАТЬ НЕУДАЧНА"
    }
  },
  {
    "FileName": "",
    "Name": "CAE.NonFunctional",
    "Localization": {
      "CULTURE_RU_RU": "ПОЛОМАТЫЙ"
    }
  },
  {
    "FileName": "",
    "Name": "CAE.Damaged",
    "Localization": {
      "CULTURE_RU_RU": "ПОВРЕЖДЕН"
    }
  },
  {
    "FileName": "",
    "Name": "CAE.OutOfCharges",
    "Localization": {
      "CULTURE_RU_RU": "НЕТ ЗАРЯДОВ"
    }
  },
  {
    "FileName": "",
    "Name": "CAE.CHARGES",
    "Localization": {
      "CULTURE_RU_RU": "КОЛ-ВО ЗАРЯДОВ"
    }
  },
  {
    "FileName": "",
    "Name": "CAE.HEAT",
    "Localization": {
      "CULTURE_RU_RU": "НАГРЕВ"
    }
  },
  {
    "FileName": "",
    "Name": "CAE.FAIL",
    "Localization": {
      "CULTURE_RU_RU": "ШАНС СБОЯ"
    }
  },
  {
    "FileName": "",
    "Name": "CAE.Components",
    "Localization": {
      "CULTURE_RU_RU": "Компоненты"
    }
  },
  {
    "FileName": "",
    "Name": "CAE.COMPONENTS",
    "Localization": {
      "CULTURE_RU_RU": "КОМПОНЕНТЫ"
    }
  },
  {
    "FileName": "",
    "Name": "CAE.STATE",
    "Localization": {
      "CULTURE_RU_RU": "РЕЖИМ"
    }
  },
  {
    "FileName": "",
    "Name": "CAE.OPERATIONAL",
    "Localization": {
      "CULTURE_RU_RU": "ГОТОВ К ТРУДУ И ОБОРОНЕ"
    }
  },
  {
    "FileName": "",
    "Name": "CAE.Done",
    "Localization": {
      "CULTURE_RU_RU": "Завершить"
    }
  },
  {
    "FileName": "",
    "Name": "CAE.ReactroTooHot",
    "Localization": {
      "CULTURE_RU_RU": "РЕАКТОРУ НАДО ОСТЫТЬ"
    }
  },
  {
    "FileName": "",
    "Name": "CAE.REPAIRED",
    "Localization": {
      "CULTURE_RU_RU": "ОТРЕМОНТИРОВАЛ"
    }
  },
  {
    "FileName": "",
    "Name": "CAE.REPAIRARMOR",
    "Localization": {
      "CULTURE_RU_RU": "БРОНЮ"
    }
  },
  {
    "FileName": "",
    "Name": "CAE.REPAIRSTRUCTURE",
    "Localization": {
      "CULTURE_RU_RU": "ВНУТ.СТРУКТУРУ"
    }
  }
]