{
    "Description": {
        "Id": "pilot_ronin_Zombie",
        "Name": "Zombie",
        "FirstName": "Zombie",
        "LastName": "NONE",
        "Callsign": "Zombie",
        "Gender": "Male",
        "Faction": "Davion",
        "Age": "380",
        "Details": "Zombie",
        "Icon": "Buckshot"
    },
    "BaseGunnery": "5",
    "BonusGunnery": 0,
    "BasePiloting": "5",
    "BonusPiloting": 0,
    "BaseGuts": "5",
    "BonusGuts": 0,
    "BaseTactics": "5",
    "BonusTactics": 0,
    "ExperienceUnspent": 0,
    "ExperienceSpent": 16500,
    "Injuries": 0,
    "Health": 3,
    "LethalInjury": false,
    "Incapacitated": false,
    "Morale": 0,
    "Voice": "f_glum01_russian",
    "abilityDefNames": [
        "AbilityDefG5",
        "AbilityDefGu5",
        "TraitDefIndirectReduceOne",
        "TraitDefHealthAddOne",
        "TraitDefRefireReduceOne",
        "TraitDefOverheatAddFifteen",
        "TraitDefHealthAddTwo"
    ],
    "AIPersonality": "Undefined",
    "PilotTags": {
        "items": [
            "BLACKLISTED",
			"pilot_zombie",
			"pilot_release_skirmish"
        ],
        "tagSetSourceFile": ""
    },
    "PilotCost": 0,
    "IsRonin": true,
    "IsVanguard": false
}