{
   "Description" : {
      "Id" : "Ammunition_Flamer",
      "Name" : "Flamer Ammo",
      "UIName" : "Norm.",
      "Details" : "Flamer Ammo. SHOULD NOT BE PURCHASABLE OR AVAILABLE!!! Flamers should have internal ammo only.",
      "Icon" : null,
      "Cost" : 0,
      "Rarity" : 0,
      "Purchasable" : false
   },
   "Type" : "Normal",
   "Category" : "Flamer",
   "HeatGenerated" : 0,
   "HeatGeneratedModifier" : 1,
   "ArmorDamageModifier" : 1,
   "ISDamageModifier" : 1,
   "CriticalDamageModifier" : 1
}
