{
   "Description" : {
      "Id" : "Ammunition_AC20AOE",
      "Name" : "AC/20 AOE Ammo",
      "UIName" : "Dmg",
      "Details" : "Massive rounds, designed for maximum AOE impact damage, to be used in a mortar.",
      "Icon" : null,
      "Cost" : 0,
      "Rarity" : 0,
      "Purchasable" : false
   },
   "Type" : "Normal",
   "Category" : "AC20AOE",
   "WeaponEffectID" : "WeaponEffect-Weapon_SRM6",
   "AOECapable" : true,
   "AOEDamage" : 60,
   "AOERange" : 90,
   "AOEHeatDamage" : 0,
   "HeatGenerated" : 0,
   "HeatGeneratedModifier" : 1,
   "ArmorDamageModifier" : 1,
   "ISDamageModifier" : 1,
   "CriticalDamageModifier" : 1,
   "DamagePerShot": 59,
   "Instability" : 39,
   "tempDesignMaskCellRadius":6,
   "tempDesignMaskOnImpactTurns":3,
   "tempDesignMaskOnImpact":"DesignMaskRadiation",
   "FireTerrainChance":0,
   "AdditionalImpactVFX":"WFX_Nuke",
   "AdditionalImpactVFXScaleX":1,
   "AdditionalImpactVFXScaleY":1,
   "AdditionalImpactVFXScaleZ":1,
   "FireDurationWithoutForest":0,
   "FireTerrainStrength":0,
   "FireTerrainCellRadius":1,
   "FireOnSuccessHit" : true,
   "statusEffects" : [
      {
         "durationData" : {
           "duration" : 1,
           "ticksOnActivations" : true,
           "useActivationsOfTarget" : true,
           "ticksOnEndOfRound" : false,
           "ticksOnMovements" : false,
           "stackLimit" : 1,
           "clearedWhenAttacked" : false
         },
         "targetingData" : {
           "effectTriggerType" : "OnHit",
           "triggerLimit" : 0,
           "extendDurationOnTrigger" : 1,              
           "specialRules" : "NotSet",
           "effectTargetType" : "NotSet",
           "range" : 0,
           "forcePathRebuild" : false,
           "forceVisRebuild" : false,
           "showInTargetPreview" : true,
           "showInStatusPanel" : true
         },
         "effectType" : "StatisticEffect",
         "Description" : {
           "Id" : "Effect_MortarAttackInitiativeReduced",
           "Name" : "MORTAR ATTACK AFFECTING INITIATIVE",
           "Details" : "Shell shock, intense radiation, deafening ringing in the ears. Unit has a [AMT] loss of inititive for one turn.",
           "Icon" : "uixSvgIcon_ability_mastertactician"
         },
         "nature" : "Debuff",
         "statisticData" : {
           "appliesEachTick" : false,
           "effectsPersistAfterDestruction" : false,
           "statName" : "BaseInitiative",
           "operation" : "Int_Add",
           "modValue" : "2",
           "modType" : "System.Int32",
           "additionalRules" : "NotSet",
           "targetCollection" : "NotSet",
           "targetWeaponCategory" : "NotSet",
           "targetWeaponType" : "NotSet",
           "targetAmmoCategory" : "NotSet",
           "targetWeaponSubType" : "NotSet"
         },
         "tagData" : null,
         "floatieData" : null,
         "actorBurningData" : null,
         "vfxData" : null,
         "instantModData" : null,
         "poorlyMaintainedEffectData" : null
      },
      {
         "durationData" : {
           "duration" : 2,
           "ticksOnActivations" : true,
           "useActivationsOfTarget" : true,
           "ticksOnEndOfRound" : false,
           "ticksOnMovements" : false,
           "stackLimit" : 1,
           "clearedWhenAttacked" : false
         },
         "targetingData" : {
           "effectTriggerType" : "OnHit",
           "triggerLimit" : 0,
           "extendDurationOnTrigger" : 1,
           "specialRules" : "NotSet",
           "effectTargetType" : "NotSet",
           "range" : 0,
           "forcePathRebuild" : false,
           "forceVisRebuild" : false,
           "showInTargetPreview" : true,
           "showInStatusPanel" : true
          },
         "effectType" : "StatisticEffect",
         "Description" : {
           "Id" : "Effect_MortarAttackAccuracyReduced",
           "Name" : "MORTAR ATTACK AFFECTING ACCURACY",
           "Details" : "Shell shock, intense radiation, twitchy reflexes and sluggish response times. There is a [AMT] penalty to this unit's attacks until the debuffs wear off.",
           "Icon" : "uixSvgIcon_status_sensorsImpaired"
         },
         "nature" : "Debuff",
         "statisticData" : {
           "appliesEachTick" : false,
           "effectsPersistAfterDestruction" : false,
           "statName" : "AccuracyModifier",
           "operation" : "Float_Add",
           "modValue" : "4.0",
           "modType" : "System.Single",
           "additionalRules" : "NotSet",
           "targetCollection" : "NotSet",
           "targetWeaponCategory" : "NotSet",
           "targetWeaponType" : "NotSet",
           "targetAmmoCategory" : "NotSet",
           "targetWeaponSubType" : "NotSet"
         },
         "tagData" : null,
         "floatieData" : null,
         "actorBurningData" : null,
         "vfxData" : null,
         "instantModData" : null,
         "poorlyMaintainedEffectData" : null
      },
      {
         "durationData" : {
           "duration" : 2,
           "ticksOnActivations" : true,
           "useActivationsOfTarget" : true,
           "ticksOnEndOfRound" : false,
           "ticksOnMovements" : false,
           "stackLimit" : 2,
           "clearedWhenAttacked" : false
         },
         "targetingData" : {
           "effectTriggerType" : "OnHit",
           "triggerLimit" : 2,
           "extendDurationOnTrigger" : 1,
           "specialRules" : "NotSet",
           "effectTargetType" : "NotSet",
           "range" : 0,
           "forcePathRebuild" : false,
           "forceVisRebuild" : true,
           "showInTargetPreview" : true,
           "showInStatusPanel" : true
         },
         "effectType" : "StatisticEffect",
         "Description" : {
            "Id": "DesignMaskRadiation",
            "Name": "RADIATION",
            "Details": "This unit was hit by intense radiation. It will gain [AMT] heat on its next activation.",
            "Icon" : "uixSvgIcon_designMask_mineral"
         },
         "nature" : "Debuff",
         "statisticData" : {
           "appliesEachTick" : false,
           "effectsPersistAfterDestruction" : false,
           "statName": "EndMoveHeat",
           "operation": "Int_Add",
           "modValue": "10",
           "modType": "System.Int32",
           "additionalRules" : "NotSet",
           "targetCollection" : "NotSet",
           "targetWeaponCategory" : "NotSet",
           "targetWeaponType" : "NotSet",
           "targetAmmoCategory" : "NotSet",
           "targetWeaponSubType" : "NotSet"
         },
         "tagData" : null,
         "floatieData" : null,
         "actorBurningData" : null,
         "vfxData" : null,
         "instantModData" : null,
         "poorlyMaintainedEffectData" : null
      }
   ]
}