{
   "Description" : {
      "Id" : "Ammunition_WIRLWIND_E",
      "Name" : "WIRLWIND Ammo",
      "UIName" : "expl",
      "Details" : "Oсколочные ракеты к пусковым установкам 'Вихрь'.",
      "Icon" : null,
      "Cost" : 0,
      "Rarity" : 0,
      "Purchasable" : false
   },
   "Type" : "Normal",
   "Category" : "WIRLWIND",
   "AOECapable" : true,
   "AOERange": 30,
   "AOEDamage" : 20,
   "AOEHeatDamage" : 5, 
   "HeatGenerated" : 0,
   "HeatGeneratedModifier" : 1,
   "ArmorDamageModifier" : 1,
   "ISDamageModifier" : 1,
   "DamagePerShot": 20, 
   "CriticalDamageModifier" : 1,
   "FireTerrainChance":1,
   "FireDurationWithoutForest":0,
   "FireTerrainStrength":20,
   "FireTerrainCellRadius":3,
   "FireOnSuccessHit" : true,
}