{
   "Description" : {
      "Id" : "Ammunition_AC20IAOE",
      "Name" : "AC/20 AOE Inferno Ammo",
      "UIName" : "Inferno",
      "Details" : "Massive rounds, designed for devastating impact, to be used in an AC/20.",
      "Icon" : null,
      "Cost" : 0,
      "Rarity" : 0,
      "Purchasable" : false
   },
   "Type" : "Normal",
   "Category" : "AC20AOE",
   "AOECapable" : true,
   "AOERange": 100,
   "AOEDamage" : 100,
   "AOEHeatDamage" : 50,
   "WeaponEffectID" : "WeaponEffect-Weapon_SRM6",
   "HeatGenerated" : 0,
   "HeatGeneratedModifier" : 1,
   "ArmorDamageModifier" : 1,
   "ISDamageModifier" : 1,
   "CriticalDamageModifier" : 1,
   "FireTerrainChance":1,
   "AdditionalImpactVFX":"WFX_Nuke",
   "AdditionalImpactVFXScaleX":1,
   "AdditionalImpactVFXScaleY":1,
   "AdditionalImpactVFXScaleZ":1,
   "FireDurationWithoutForest":0,
   "FireTerrainStrength":40,
   "FireTerrainCellRadius":12,
   "FireOnSuccessHit" : true,
   "ClearMineFieldRadius": 4,
   "tempDesignMaskCellRadius":12,
   "tempDesignMaskOnImpactTurns":999,
   "tempDesignMaskOnImpact":"DesignMaskRadiation",
   "statusEffects" : [
        {
            "durationData" : {
                "duration" : 5,
                "ticksOnActivations" : true,
                "useActivationsOfTarget" : true,
                "ticksOnEndOfRound" : false,
                "ticksOnMovements" : false,
                "stackLimit" : 0,
                "clearedWhenAttacked" : false
            },
            "targetingData" : {
                "effectTriggerType" : "OnHit",
                "triggerLimit" : 0,
                "extendDurationOnTrigger" : 0,
                "specialRules" : "NotSet",
                "effectTargetType" : "NotSet",
                "range" : 0,
                "forcePathRebuild" : false,
                "forceVisRebuild" : false,
                "showInTargetPreview" : true,
                "showInStatusPanel" : true
            },
            "effectType" : "StatisticEffect",
            "Description" : {
                "Id" : "AbilityDefPPC",
                "Name" : "SENSORS IMPAIRED",
                "Details" : "[AMT] Difficulty to all of this unit's attacks until its next activation.",
                "Icon" : "uixSvgIcon_status_sensorsImpaired"
            },
            "nature" : "Debuff",
            "statisticData" : {
                "appliesEachTick" : false,
                "effectsPersistAfterDestruction" : false,
                "statName" : "AccuracyModifier",
                "operation" : "Float_Add",
                "modValue" : "5.0",
                "modType" : "System.Single",
                "additionalRules" : "NotSet",
                "targetCollection" : "NotSet",
                "targetWeaponCategory" : "NotSet",
                "targetWeaponType" : "NotSet",
                "targetAmmoCategory" : "NotSet",
                "targetWeaponSubType" : "NotSet"
            },
            "tagData" : null,
            "floatieData" : null,
            "actorBurningData" : null,
            "vfxData" : null,
            "instantModData" : null,
            "poorlyMaintainedEffectData" : null
        }
    ]    
}