{
   "Description" : {
      "Id" : "Ammunition_LBX10",
      "Name" : "LBX/10 Slug Ammo",
      "UIName" : "Slug",
      "Details" : "Large caliber rounds capable of dealing heavy damage, and designed to be used in an LBX/10.",
      "Icon" : null,
      "Cost" : 0,
      "Rarity" : 0,
      "Purchasable" : false
   },
   "Type" : "Normal",
   "Category" : "LBX10",
   "HeatGenerated" : 0,
   "HeatGeneratedModifier" : 1,
   "ArmorDamageModifier" : 1,
   "ISDamageModifier" : 1,
   "CriticalDamageModifier" : 1
}