{
   "Description" : {
      "Id" : "Ammunition_LBX2Slug",
      "Name" : "LBX/2 Slug Ammo",
      "UIName" : "Slug.",
      "Details" : "Large caliber rounds capable of dealing heavy damage, and designed to be used in an LBX/2.",
      "Icon" : null,
      "Cost" : 0,
      "Rarity" : 0,
      "Purchasable" : false
   },
   "Type" : "Normal",
   "Category" : "LBX2",
   "AccuracyModifier" : 0,
   "CriticalChanceMultiplier" : 0.5,
   "DamagePerShot": 0.0,
   "DamageMultiplier": 1.0,
   "AIBattleValue":150,
   "ShotsWhenFired" : 0,
   "ProjectilesPerShot" : 0,
   "HeatGenerated" : 0,   
   "HeatGeneratedModifier" : 1,
   "ArmorDamageModifier" : 1.0,
   "ISDamageModifier" : 1.0,
   "CriticalDamageModifier" : 1,
   "CanBeExhaustedAt":0,
}