{
   "Description" : {
      "Id" : "Ammunition_LaserAmmo",
      "Name" : "Laser Ammo",
      "UIName" : "Acid",
      "Details" : "Chemical Laser Ammo",
      "Icon" : null,
      "Cost" : 0,
      "Rarity" : 0,
      "Purchasable" : false
   },
   "Type" : "Normal",
   "Category" : "LaserAmmo",
   "HeatGenerated" : 0,
   "HeatGeneratedModifier" : 1,
   "ArmorDamageModifier" : 1,
   "ISDamageModifier" : 1,
   "CriticalDamageModifier" : 1,
   "WeaponEffectID" : "WeaponEffect-Weapon_LaserER_Small",
   "statusEffects" : [
      {
       "durationData" : {
              "duration" : 2,
              "ticksOnActivations" : true,
              "useActivationsOfTarget" : true,
              "ticksOnEndOfRound" : false,
              "ticksOnMovements" : false,
              "stackLimit" : 1,
              "clearedWhenAttacked" : false
          },
       "targetingData" : {
              "effectTriggerType" : "OnHit",
              "triggerLimit" : 0,
              "extendDurationOnTrigger" : 2,
              "specialRules" : "NotSet",
              "effectTargetType" : "NotSet",
              "range" : 0,
              "forcePathRebuild" : false,
              "forceVisRebuild" : false,
              "showInTargetPreview" : true,
              "showInStatusPanel" : true
          },
       "effectType": "StatisticEffect",
       "Description":
       {
          "Id": "Effect_ChemicalDMG",
          "Name": "Chemical",
          "Details": "This unit is coated with corrosive Chemical. It will take 20% increased Damage.",
          "Icon" : "uixSvgIcon_designMask_mineral"
       },
       "statisticData":
      {
              "statName" : "DamageReductionMultiplierAll",
              "operation" : "Float_Add",
              "modValue" : "0.2",
              "modType" : "System.Single"
      },
       "nature": "Debuff"
    }
  ]
}
