{
   "Description" : {
      "Id" : "Ammunition_ILRM",
      "Name" : "Inferno LRM Ammo",
      "UIName" : "Inf.LRM",
      "Details" : "Long range missiles, capable of dealing moderate damage at long range. Each missile lacks punch, but in a group they can deal significant damage.",
      "Icon" : null,
      "Cost" : 0,
      "Rarity" : 0,
      "Purchasable" : false
   },
   "Type" : "Normal",
   "Category" : "LRM",
   "DamagePerShot": -3.0,
   "HeatDamagePerShot": 8.0, 
   "HeatGenerated" : 0,
   "HeatGeneratedModifier" : 1,
   "ArmorDamageModifier" : 1,
   "ISDamageModifier" : 1,
   "CriticalDamageModifier" : 1
}