{
   "Description" : {
      "Id" : "Ammunition_AC20SMOKE",
      "Name" : "AC/20 AOE Smoke Ammo",
      "UIName" : "Smoke",
      "Details" : "Massive rounds, designed for devastating impact, to be used in an AC/20.",
      "Icon" : null,
      "Cost" : 0,
      "Rarity" : 0,
      "Purchasable" : false
   },
   "Type" : "Normal",
   "Category" : "AC20AOE",
   "AOECapable" : true,
   "AOERange": 100,
   "AOEDamage" : 100,
   "AOEHeatDamage" : 50,
   "WeaponEffectID" : "WeaponEffect-Weapon_SRM6",
   "HeatGenerated" : 0,
   "HeatGeneratedModifier" : 1,
   "ArmorDamageModifier" : 1,
   "ISDamageModifier" : 1,
   "CriticalDamageModifier" : 1,
   "LongVFXOnImpactScaleX":3,
   "LongVFXOnImpactScaleY":20,
   "LongVFXOnImpactScaleZ":3,
   "tempDesignMaskCellRadius":6,
   "tempDesignMaskOnImpactTurns":3,
   "tempDesignMaskOnImpact":"DesignMaskSmoke",
   "FireOnSuccessHit" : true,
   "LongVFXOnImpact": "vfxPrfPrtl_artillerySmokeSignal_loop",
   "statusEffects" : []    
}