{
   "Description" : {
      "Id" : "Ammunition_LBX10ECM",
      "Name" : "LBX/10 ECM Ammo",
      "UIName" : "ECM",
      "Details" : "Large caliber rounds capable of dealing heavy damage, and designed to be used in an LBX/10.",
      "Icon" : null,
      "Cost" : 0,
      "Rarity" : 0,
      "Purchasable" : false
   },
   "Type" : "Normal",
   "Category" : "LBX10",
   "AccuracyModifier" : -10.0,
   "CriticalChanceMultiplier" : 0.0,
   "DamagePerShot": -50.0,
   "AIBattleValue":90,
   "ShotsWhenFired" : 0,
   "ProjectilesPerShot" : 0,
   "HeatGenerated" : 0,
   "HeatGeneratedModifier" : 1,
   "ArmorDamageModifier" : 1,
   "ISDamageModifier" : 1,
   "CriticalDamageModifier" : 1,
   "WeaponEffectID" : "WeaponEffect-Weapon_PPC",
   "statusEffects" : [
        {
            "durationData" : {
                "duration" : 5,
                "ticksOnActivations" : true,
                "useActivationsOfTarget" : true,
                "ticksOnEndOfRound" : false,
                "ticksOnMovements" : false,
                "stackLimit" : 0,
                "clearedWhenAttacked" : false
            },
            "targetingData" : {
                "effectTriggerType" : "OnHit",
                "triggerLimit" : 0,
                "extendDurationOnTrigger" : 0,
                "specialRules" : "NotSet",
                "effectTargetType" : "NotSet",
                "range" : 0,
                "forcePathRebuild" : false,
                "forceVisRebuild" : false,
                "showInTargetPreview" : true,
                "showInStatusPanel" : true
            },
            "effectType" : "StatisticEffect",
            "Description" : {
                "Id" : "AbilityDefPPC",
                "Name" : "SENSORS IMPAIRED",
                "Details" : "[AMT] Difficulty to all of this unit's attacks until its next activation.",
                "Icon" : "uixSvgIcon_status_sensorsImpaired"
            },
            "nature" : "Debuff",
            "statisticData" : {
                "appliesEachTick" : false,
                "effectsPersistAfterDestruction" : false,
                "statName" : "AccuracyModifier",
                "operation" : "Float_Add",
                "modValue" : "5.0",
                "modType" : "System.Single",
                "additionalRules" : "NotSet",
                "targetCollection" : "NotSet",
                "targetWeaponCategory" : "NotSet",
                "targetWeaponType" : "NotSet",
                "targetAmmoCategory" : "NotSet",
                "targetWeaponSubType" : "NotSet"
            },
            "tagData" : null,
            "floatieData" : null,
            "actorBurningData" : null,
            "vfxData" : null,
            "instantModData" : null,
            "poorlyMaintainedEffectData" : null
        }
    ]
}