{
   "Description" : {
      "Id" : "Ammunition_ECOSRM",
      "Name" : "Lava SRM Ammo",
      "UIName" : "Lava",
      "Details" : "This missile is full of lava.",
      "Icon" : null,
      "Cost" : 0,
      "Rarity" : 0,
      "Purchasable" : false
   },
   "Type" : "Normal",
   "IndirectFireCapable" : true,
   "DamagePerShot": -7.0,
   "SurfaceImpactDesignMaskId": {
	 "None":"DesignMaskGeothermalLava",
	 "Forest":"DesignMaskBurningForest"
   },
   "AlwaysIndirectVisuals": true,
   "Category" : "SRM",
   "ShotsWhenFired" : 14,
   "AccuracyModifier" : 5,
   "HeatGenerated" : 0,
   "HeatGeneratedModifier" : 1,
   "ArmorDamageModifier" : 1,
   "ISDamageModifier" : 1,
   "CriticalDamageModifier" : 1
}