{
   "Description" : {
      "Id" : "Ammunition_SSRM",
      "Name" : "Separated SRM Ammo",
      "UIName" : "Shells",
      "Details" : "Short range missiles, capable of dealing heavy damage at close range via shaped charge warheads.",
      "Icon" : null,
      "Cost" : 0,
      "Rarity" : 0,
      "Purchasable" : false
   },
   "Type" : "Normal",
   "Category" : "SRM",
   "HeatGenerated" : 0,
   "HeatGeneratedModifier" : 1,
   "ArmorDamageModifier" : 1,
   "ISDamageModifier" : 1,
   "CriticalDamageModifier" : 1,
   "ShellsRadius": 90,
   "HasShells": true,
   "UnseparatedDamageMult": 0.8,
   "ProjectilesPerShot" : 3,
   "MinShellsDistance": 60,
   "MaxShellsDistance": 100,
   "Unguided":true
}