{
   "Description" : {
      "Id" : "Ammunition_LRSRM",
      "Name" : "Extend range SRM Ammo",
      "UIName" : "ER",
      "Details" : "Short range missiles, capable of dealing heavy damage at close range via shaped charge warheads.",
      "Icon" : null,
      "Cost" : 0,
      "Rarity" : 0,
      "Purchasable" : false
   },
   "Type" : "Normal",
   "IndirectFireCapable" : true,
   "DirectFireModifier" : -10.0,
   "DamagePerShot": -4.0,
   "AlwaysIndirectVisuals": true,
   "Category" : "SRM",
   "AccuracyModifier" : -1,
   "HeatGenerated" : 0,
   "HeatGeneratedModifier" : 1,
   "ArmorDamageModifier" : 1,
   "ISDamageModifier" : 1,
   "CriticalDamageModifier" : 1
}