{
   "Description" : {
      "Id" : "Ammunition_LBX10Buck",
      "Name" : "LBX/10 Buckshot Ammo",
      "UIName" : "Buck.",
      "Details" : "Large caliber rounds capable of dealing heavy damage, and designed to be used in an LBX/10.",
      "Icon" : null,
      "Cost" : 0,
      "Rarity" : 0,
      "Purchasable" : false
   },
   "Type" : "Normal",
   "Category" : "LBX10",
   "AccuracyModifier" : -1,
   "CriticalChanceMultiplier" : 0.5,
   "DamagePerShot": 0.0,
   "DamageMultiplier": 1.0,
   "AIBattleValue":150,
   "ShotsWhenFired" : 0,
   "ProjectilesPerShot" : 15,
   "HeatGenerated" : 0,   
   "HeatGeneratedModifier" : 1,
   "ArmorDamageModifier" : 2,
   "ISDamageModifier" : 0.5,
   "CriticalDamageModifier" : 1,
   "CanBeExhaustedAt":0.5,
   "HasShells": true,
   "UnseparatedDamageMult": 0.8,
   "ProjectilesPerShot" : 10,
   "MinShellsDistance": 30,
   "MaxShellsDistance": 100,
   "IndirectFireCapable" : true,
   "AlwaysIndirectVisuals" : true
}