{
   "Description" : {
      "Id" : "Ammunition_LRMAOE",
      "Name" : "LRM AOE Ammo",
      "UIName" : "AOE",
      "Details" : "Long range missiles, capable of dealing moderate damage at long range. Each missile lacks punch, but in a group they can deal significant damage.",
      "Icon" : null,
      "Cost" : 0,
      "Rarity" : 0,
      "Purchasable" : false
   },
   "Type" : "Normal",
   "Category" : "LRM",
   "HeatGenerated" : 0,
   "HeatGeneratedModifier" : 1,
   "ArmorDamageModifier" : 1,
   "ISDamageModifier" : 1,
   "CriticalDamageModifier" : 1,
   "AOECapable": true,
	"AOERange": 250,
	"AOEDamage": 80
}