{
   "Description" : {
      "Id" : "Ammunition_LaserAmmo2",
      "Name" : "Laser Ammo",
      "UIName" : "Ice",
      "Details" : "Chemical Laser Ammo",
      "Icon" : null,
      "Cost" : 0,
      "Rarity" : 0,
      "Purchasable" : false
   },
   "Type" : "Normal",
   "Category" : "LaserAmmo2",
   "HeatGenerated" : 0,
   "HeatGeneratedModifier" : 1,
   "ArmorDamageModifier" : 1,
   "ISDamageModifier" : 1,
   "CriticalDamageModifier" : 1,
   "WeaponEffectID" : "WeaponEffect-Weapon_LaserER_Large",
   "statusEffects" : [
    {
        "durationData" : {
            "duration" : 2,
            "ticksOnActivations" : true,
            "useActivationsOfTarget" : true,
            "ticksOnEndOfRound" : false,
            "ticksOnMovements" : false,
            "stackLimit" : 1,
            "clearedWhenAttacked" : false
        },
        "targetingData" : {
            "effectTriggerType" : "OnHit",
            "triggerLimit" : 0,
            "extendDurationOnTrigger" : 1,
            "specialRules" : "NotSet",
            "effectTargetType" : "NotSet",
            "range" : 0,
            "forcePathRebuild" : false,
            "forceVisRebuild" : false,
            "showInTargetPreview" : true,
            "showInStatusPanel" : true
        },
        "effectType" : "StatisticEffect",
        "Description" : {
            "Id" : "Effect_CryoLaserInitiativeReduced",
            "Name" : "COLD ATTACK AFFECTING INITIATIVE",
            "Details" : "Freezing cold is slowing everything down. Unit has a loss of [AMT] inititive for one turn.",
            "Icon" : "uixSvgIcon_ability_mastertactician"
        },
        "nature" : "Debuff",
        "statisticData" : {
            "appliesEachTick" : false,
            "effectsPersistAfterDestruction" : false,
            "statName" : "BaseInitiative",
            "operation" : "Int_Add",
            "modValue" : "2",
            "modType" : "System.Int32",
            "additionalRules" : "NotSet",
            "targetCollection" : "NotSet",
            "targetWeaponCategory" : "NotSet",
            "targetWeaponType" : "NotSet",
            "targetAmmoCategory" : "NotSet",
            "targetWeaponSubType" : "NotSet"
        },
        "tagData" : null,
        "floatieData" : null,
        "actorBurningData" : null,
        "vfxData" : null,
        "instantModData" : null,
        "poorlyMaintainedEffectData" : null
    },
    {
       "durationData" : {
              "duration" : 2,
              "ticksOnActivations" : true,
              "useActivationsOfTarget" : true,
              "ticksOnEndOfRound" : false,
              "ticksOnMovements" : false,
              "stackLimit" : 0,
              "clearedWhenAttacked" : false
          },
       "targetingData" : {
              "effectTriggerType" : "OnHit",
              "triggerLimit" : 0,
              "extendDurationOnTrigger" : 1,
              "specialRules" : "NotSet",
              "effectTargetType" : "NotSet",
              "range" : 0,
              "forcePathRebuild" : false,
              "forceVisRebuild" : false,
              "showInTargetPreview" : true,
              "showInStatusPanel" : true
          },
       "effectType": "StatisticEffect",
       "Description":
       {
          "Id": "Effect_CryoChill",
          "Name": "CRYO CHILLED",
          "Details": "This unit is coated with a cryogenic liquid compound until it breaks free. It's movement speed is reduced to [AMT].",
          "Icon" : "uixSvgIcon_designMask_ice"
       },
       "statisticData":
       {
          "statName" : "WalkSpeed",
          "operation" : "Float_Multiply",
          "modValue" : "0.1",
          "modType" : "System.Single"
       },
       "nature": "Debuff"
    },
    {
        "durationData" : {
               "duration" : 2,
               "ticksOnActivations" : true,
               "useActivationsOfTarget" : true,
               "ticksOnEndOfRound" : false,
               "ticksOnMovements" : false,
               "stackLimit" : 0,
               "clearedWhenAttacked" : false
           },
        "targetingData" : {
               "effectTriggerType" : "OnHit",
               "triggerLimit" : 0,
               "extendDurationOnTrigger" : 1,
               "specialRules" : "NotSet",
               "effectTargetType" : "NotSet",
               "range" : 0,
               "forcePathRebuild" : false,
               "forceVisRebuild" : false,
               "showInTargetPreview" : false,
               "showInStatusPanel" : false
           },
        "effectType": "StatisticEffect",
        "Description":
        {
           "Id": "Effect_CryoChill",
           "Name": "CRYO CHILLED",
           "Details": "This unit is coated with a cryogenic liquid compound until it breaks free. It's movement speed is reduced to [AMT].",
           "Icon" : "uixSvgIcon_designMask_ice"
        },
        "statisticData":
        {
           "statName" : "RunSpeed",
           "operation" : "Float_Multiply",
           "modValue" : "0.1",
           "modType" : "System.Single"
        },
        "nature": "Debuff"
     }
   ]
}
