{
   "Description" : {
      "Id" : "Ammunition_LBX2Buck",
      "Name" : "LBX/2 Buckshot Ammo",
      "UIName" : "Buck.",
      "Details" : "Large caliber rounds capable of dealing heavy damage, and designed to be used in an LBX/2.",
      "Icon" : null,
      "Cost" : 0,
      "Rarity" : 0,
      "Purchasable" : false
   },
   "Type" : "Normal",
   "Category" : "LBX2",
   "AccuracyModifier" : -1,
   "CriticalChanceMultiplier" : 0.5,
   "DamagePerShot": 0.0,
   "DamageMultiplier": 1.0,
   "AIBattleValue":150,
   "HeatGeneratedModifier" : 1,
   "ArmorDamageModifier" : 1.0,
   "ISDamageModifier" : 1.0,
   "CriticalDamageModifier" : 1,
   "CanBeExhaustedAt":0,
   "HasShells": true,
   "UnseparatedDamageMult": 0.8,
   "ProjectilesPerShot" : 1,
   "MinShellsDistance": 30,
   "MaxShellsDistance": 80
}