{
   "Description" : {
      "Id" : "Ammunition_AC10",
      "Name" : "AC/10 Ammo",
      "UIName" : "Norm.",
      "Details" : "Large caliber rounds capable of dealing heavy damage, and designed to be used in an AC/10.",
      "Icon" : null,
      "Cost" : 0,
      "Rarity" : 0,
      "Purchasable" : false
   },
   "Type" : "Normal",
   "Category" : "AC10",
   "HeatGenerated" : 0,
   "HeatGeneratedModifier" : 1,
   "ArmorDamageModifier" : 1,
   "ISDamageModifier" : 1,
   "CriticalDamageModifier" : 1
}