{
   "Description" : {
      "Id" : "Ammunition_Thunder",
      "Name" : "Thunder Ammo",
      "UIName" : "Thunder",
      "Details" : "Thunder",
      "Icon" : null,
      "Cost" : 0,
      "Rarity" : 0,
      "Purchasable" : false
   },
   "Type" : "Normal",
   "Category" : "LRM",
   "HeatGenerated" : 0,
   "HeatGeneratedModifier" : 1,
   "ArmorDamageModifier" : 1,
   "ISDamageModifier" : 1,
   "CriticalDamageModifier" : 1,
   "MineField":{
      "InstallCellRange": 0,
      "Count": 3,
      "Heat": 10,
      "Chance": 0.8,
      "Damage": 100,
      "AOEDamage" : 100,
      "AOERange" : 90,
      "AOEHeat" : 40,      
      "VFXprefab": "WFX_Nuke",
      "tempDesignMaskCellRadius":6,
      "tempDesignMaskOnImpactTurns":99,
      "tempDesignMaskOnImpact":"DesignMaskRadiation",
      "FireTerrainChance":0.6,
      "VFXScaleX":10,
      "VFXScaleY":10,
      "VFXScaleZ":10,
      "SFX":"enum:AudioEventList_explosion.explosion_propane_tank",
      "FireDurationWithoutForest":0,
      "FireTerrainStrength":0,
      "FireTerrainCellRadius":8,
      "statusEffects" : [
        {
         "durationData" : {
           "duration" : 1,
           "ticksOnActivations" : true,
           "useActivationsOfTarget" : true,
           "ticksOnEndOfRound" : false,
           "ticksOnMovements" : false,
           "stackLimit" : 1,
           "clearedWhenAttacked" : false
         },
         "targetingData" : {
           "effectTriggerType" : "OnHit",
           "triggerLimit" : 0,
           "extendDurationOnTrigger" : 1,              
           "specialRules" : "NotSet",
           "effectTargetType" : "NotSet",
           "range" : 0,
           "forcePathRebuild" : false,
           "forceVisRebuild" : false,
           "showInTargetPreview" : true,
           "showInStatusPanel" : true
         },
         "effectType" : "StatisticEffect",
         "Description" : {
           "Id" : "Effect_MortarAttackInitiativeReduced",
           "Name" : "NUCLEAR BLAST AFFECTING INITIATIVE",
           "Details" : "Баллистический шок, тепловая волна волна от взрыва, презагрузка БЦВМ из-за электромагнитной волны, перспектива лучевой болезни пугают пилота. Потеря инициативы [AMT] на один ход.",
           "Icon" : "uixSvgIcon_ability_mastertactician"
         },
         "nature" : "Debuff",
         "statisticData" : {
           "appliesEachTick" : false,
           "effectsPersistAfterDestruction" : false,
           "statName" : "BaseInitiative",
           "operation" : "Int_Add",
           "modValue" : "2",
           "modType" : "System.Int32",
           "additionalRules" : "NotSet",
           "targetCollection" : "NotSet",
           "targetWeaponCategory" : "NotSet",
           "targetWeaponType" : "NotSet",
           "targetAmmoCategory" : "NotSet",
           "targetWeaponSubType" : "NotSet"
         },
         "tagData" : null,
         "floatieData" : null,
         "actorBurningData" : null,
         "vfxData" : null,
         "instantModData" : null,
         "poorlyMaintainedEffectData" : null
        },
        {
         "durationData" : {
           "duration" : 2,
           "ticksOnActivations" : true,
           "useActivationsOfTarget" : true,
           "ticksOnEndOfRound" : false,
           "ticksOnMovements" : false,
           "stackLimit" : 1,
           "clearedWhenAttacked" : false
         },
         "targetingData" : {
           "effectTriggerType" : "OnHit",
           "triggerLimit" : 0,
           "extendDurationOnTrigger" : 1,
           "specialRules" : "NotSet",
           "effectTargetType" : "NotSet",
           "range" : 0,
           "forcePathRebuild" : false,
           "forceVisRebuild" : false,
           "showInTargetPreview" : true,
           "showInStatusPanel" : true
          },
         "effectType" : "StatisticEffect",
         "Description" : {
           "Id" : "Effect_MortarAttackAccuracyReduced",
           "Name" : "NUCLEAR BLAST AFFECTING ACCURACY",
           "Details" : "Баллистический шок, тепловая волна волна от взрыва, презагрузка БЦВМ из-за электромагнитной волны, перспектива лучевой болезни пугают пилота. Штраф к точности [AMT] на два хода.",
           "Icon" : "uixSvgIcon_status_sensorsImpaired"
         },
         "nature" : "Debuff",
         "statisticData" : {
           "appliesEachTick" : false,
           "effectsPersistAfterDestruction" : false,
           "statName" : "AccuracyModifier",
           "operation" : "Float_Add",
           "modValue" : "4.0",
           "modType" : "System.Single",
           "additionalRules" : "NotSet",
           "targetCollection" : "NotSet",
           "targetWeaponCategory" : "NotSet",
           "targetWeaponType" : "NotSet",
           "targetAmmoCategory" : "NotSet",
           "targetWeaponSubType" : "NotSet"
         },
         "tagData" : null,
         "floatieData" : null,
         "actorBurningData" : null,
         "vfxData" : null,
         "instantModData" : null,
         "poorlyMaintainedEffectData" : null
        },
        {
         "durationData" : {
           "duration" : 2,
           "ticksOnActivations" : true,
           "useActivationsOfTarget" : true,
           "ticksOnEndOfRound" : false,
           "ticksOnMovements" : false,
           "stackLimit" : 2,
           "clearedWhenAttacked" : false
         },
         "targetingData" : {
           "effectTriggerType" : "OnHit",
           "triggerLimit" : 2,
           "extendDurationOnTrigger" : 1,
           "specialRules" : "NotSet",
           "effectTargetType" : "NotSet",
           "range" : 0,
           "forcePathRebuild" : false,
           "forceVisRebuild" : true,
           "showInTargetPreview" : true,
           "showInStatusPanel" : true
         },
         "effectType" : "StatisticEffect",
         "Description" : {
          "Id": "DesignMaskRadiation",
          "Name": "RADIATION",
          "Details": "Вторичная радиация от взрыва вызывает проблемы в системе охлаждения. Штраф к способности теплорассеивания [AMT].",
          "Icon" : "uixSvgIcon_designMask_mineral"
         },
         "nature" : "Debuff",
         "statisticData" : {
           "appliesEachTick" : false,
           "effectsPersistAfterDestruction" : false,
           "statName": "EndMoveHeat",
           "operation": "Int_Add",
           "modValue": "10",
           "modType": "System.Int32",
           "additionalRules" : "NotSet",
           "targetCollection" : "NotSet",
           "targetWeaponCategory" : "NotSet",
           "targetWeaponType" : "NotSet",
           "targetAmmoCategory" : "NotSet",
           "targetWeaponSubType" : "NotSet"
         },
         "tagData" : null,
         "floatieData" : null,
         "actorBurningData" : null,
         "vfxData" : null,
         "instantModData" : null,
         "poorlyMaintainedEffectData" : null
        }
      ]
    }
}