{
   "Description" : {
      "Id" : "Ammunition_SRM",
      "Name" : "SRM Ammo",
      "UIName" : "Normal",
      "Details" : "Short range missiles, capable of dealing heavy damage at close range via shaped charge warheads.",
      "Icon" : null,
      "Cost" : 0,
      "Rarity" : 0,
      "Purchasable" : false
   },
   "Type" : "Normal",
   "Category" : "SRM",
   "HeatGenerated" : 0,
   "HeatGeneratedModifier" : 1,
   "ArmorDamageModifier" : 1,
   "ISDamageModifier" : 1,
   "CriticalDamageModifier" : 1
}