{
	"Name": "CustomUnits",
	"Enabled": true,
	"Version": "0.0.11",
	"PackagedOn": "2019-01-31T00:00:00Z",
	"DLL": "CustomUnits.dll",
	"DLLEntryPoint": "CustomUnits.Core.Init",
	"DependsOn": [ "Custom Ammo Categories" ],
	"ConflictsWith": [ ],

	"Description": "CustomUnits",
	"Author": "KMiSSioN",
    "Website": "https://www.nexusmods.com/battletech/mods/XXX",
	"Settings": {
		"debugLog": true,
    "fixWaterHeight":true,
    "maxWaterSteppiness":29,
    "deepWaterSteepness":41,
    "deepWaterDepth":10,
    "waterFlatDepth":2
	},
	"Manifest": [
		{ "Type": "DesignMaskDef", "Path": "designMasks\\" },
    { "Type": "AssetBundle", "Path": "assetbundles" },	

    { "Id": "battletechstandartshader", "Type": "Prefab", "Path": "assets/shaderscarriers/battletechstandartshader.prefab", "AssetBundleName": "standart_shader" }
	]
}