{
"debugLog":false,
"modHTTPServer":true,
"modHTTPListen":"http://localhost:65080/",
"WeaponRealizerStandalone": "WeaponRealizer.dll",
"WeaponRealizerSettings":"WeaponRealizerSettings.json",
"forbiddenRangeEnable":true,
"ClusterAIMult":0.2,
"PenetrateAIMult":0.4,
"JamAIAvoid":1.0,
"DamageJamAIAvoid":2.0,
"BurningForestDesignMask":"DesignMaskBurningForest",
"BurnedForestDesignMask":"DesignMaskBurnedForest",
"BurningForestCellRadius":4,
"BurningForestTurns":2,
"AdditinalAssets": ["nuked","impact","nuka","glow","burnedtrees","helicopter_sound"],
"NoForestBiomes": ["DesignMaskBiomeMartianVacuum","DesignMaskBiomeLunarVacuum"],
"BurningForestStrength":30,
"BurningForestBaseExpandChance":0.5,
"DynamicDesignMasksDefs":["DesignMaskCrystals","DesignMaskForest","DesignMaskGeothermal","DesignMaskGeothermalLava","DesignMaskIce","DesignMaskRadiation","DesignMaskSpores","DesignMaskBurningForest","DesignMaskBurnedForest","DesignMaskBurningTerrain","DesignMaskSmoke"],
"BurningFX":"vfxPrfPrtl_fireTerrain_lrgLoop",
"BurnedFX":"",
"BurningScaleX":30,
"BurningScaleY":30,
"BurningScaleZ":30,
"BurnedScaleX":30,
"BurnedScaleY":30,
"BurnedScaleZ":30,
"BurnedOffsetX":0,
"BurnedOffsetY":-1,
"BurnedOffsetZ":0,
"BurningOffsetX":0,
"BurningOffsetY":1,
"BurningOffsetZ":0,
"DontShowNotDangerouceJammMessages": true,
"MineFieldPathingMods":{
  "pathingdef_light":0.5,
	"pathingdef_medium":0.7
},
"JumpLandingMineAttractRadius":2,
"BurnedTrees":{
  "Mesh":"envMdlTree_deadWood_polar_frozen_shapeA_LOD0",
  "BumpMap":"envTxrTree_treesVaried_polar_frozen_nrm",
  "MainTex":"envTxrTree_treesVaried_polar_frozen_alb",
  "OcculusionMap":"envTxrTree_treesVaried_polar_frozen_amb",
  "Transmission":"envTxrTree_treesVaried_polar_frozen_trs",
  "MetallicGlossMap":"envTxrTree_treesVaried_polar_frozen_mtl",
  "BurnedTreeScale":2,
  "DecalScale":40,
  "DecalTexture":"envTxrDecl_terrainDmgSmallBlack_alb"
},
"DontShowBurnedTrees":false,
"DontShowScorchTerrain":false,
"AAMSAICoeff":0.2,
"ForestBurningDurationBiomeMult":{
	"DesignMaskBiomeBadlandsParched":0.7,
	"DesignMaskBiomeDesertParched":0.7,
	"DesignMaskBiomeHighlandsFall":1,
	"DesignMaskBiomeHighlandsSpring":1,
	"DesignMaskBiomeJungleTropical":1.5,
	"DesignMaskBiomeLowlandsCoastal":1,
	"DesignMaskBiomeLowlandsFall":1,
	"DesignMaskBiomeLowlandsSpring":1,
	"DesignMaskBiomeLunarVacuum":0.0,
	"DesignMaskBiomeMartianVacuum":0.0,
	"DesignMaskBiomePolarFrozen":0.7,
	"DesignMaskBiomeTundraFrozen":0.7
},
"WeaponBurningDurationBiomeMult":{
	"DesignMaskBiomeBadlandsParched":1,
	"DesignMaskBiomeDesertParched":1,
	"DesignMaskBiomeHighlandsFall":1,
	"DesignMaskBiomeHighlandsSpring":1,
	"DesignMaskBiomeJungleTropical":0.7,
	"DesignMaskBiomeLowlandsCoastal":1,
	"DesignMaskBiomeLowlandsFall":1,
	"DesignMaskBiomeLowlandsSpring":1,
	"DesignMaskBiomeLunarVacuum":0.2,
	"DesignMaskBiomeMartianVacuum":0.3,
	"DesignMaskBiomePolarFrozen":0.7,
	"DesignMaskBiomeTundraFrozen":0.7
},
"ForestBurningStrengthBiomeMult":{
	"DesignMaskBiomeBadlandsParched":1.5,
	"DesignMaskBiomeDesertParched":1.5,
	"DesignMaskBiomeHighlandsFall":1,
	"DesignMaskBiomeHighlandsSpring":1,
	"DesignMaskBiomeJungleTropical":0.5,
	"DesignMaskBiomeLowlandsCoastal":1,
	"DesignMaskBiomeLowlandsFall":1,
	"DesignMaskBiomeLowlandsSpring":1,
	"DesignMaskBiomeLunarVacuum":0,
	"DesignMaskBiomeMartianVacuum":0,
	"DesignMaskBiomePolarFrozen":0.3,
	"DesignMaskBiomeTundraFrozen":0.3
},
"WeaponBurningStrengthBiomeMult":{
	"DesignMaskBiomeBadlandsParched":1,
	"DesignMaskBiomeDesertParched":1,
	"DesignMaskBiomeHighlandsFall":1,
	"DesignMaskBiomeHighlandsSpring":1,
	"DesignMaskBiomeJungleTropical":0.7,
	"DesignMaskBiomeLowlandsCoastal":1,
	"DesignMaskBiomeLowlandsFall":1,
	"DesignMaskBiomeLowlandsSpring":1,
	"DesignMaskBiomeLunarVacuum":1,
	"DesignMaskBiomeMartianVacuum":1,
	"DesignMaskBiomePolarFrozen":0.5,
	"DesignMaskBiomeTundraFrozen":0.5
},
"LitFireChanceBiomeMult":{
	"DesignMaskBiomeBadlandsParched":2.0,
	"DesignMaskBiomeDesertParched":2.0,
	"DesignMaskBiomeHighlandsFall":1,
	"DesignMaskBiomeHighlandsSpring":1,
	"DesignMaskBiomeJungleTropical":0.7,
	"DesignMaskBiomeLowlandsCoastal":1,
	"DesignMaskBiomeLowlandsFall":1,
	"DesignMaskBiomeLowlandsSpring":1,
	"DesignMaskBiomeLunarVacuum":1,
	"DesignMaskBiomeMartianVacuum":1,
	"DesignMaskBiomePolarFrozen":0.5,
	"DesignMaskBiomeTundraFrozen":0.5
},
"AmmoCookoff":{
  "Enabled":false,
  "OverheatChance":10,
  "ShutdownHeatChance":25,
  "UseHBSMercySetting":true
},
"AIPeerToPeerNodeEnabled": false,
"AIPeerToPeerFirewallPierceThrough":false,
"AIMStandalone":"AttackImprovementMod.dll",
"AdvancedCirtProcessing": true,
"DestroyedComponentsCritTrap": true,
"CritLocationTransfer": true,
"APMinCritChance": 0.1
}