{
	"simpleVariance": true,
	"standardDeviationPercentOfSimpleVariance": 75,

	"distanceBasedVariance": true,
	"distanceBasedVarianceMaxRangeDamagePercent": 10,

	"reverseDistanceBasedVariance": true,
	"reverseDistanceBasedVarianceMaxRangeDamagePercent": 10,

	"overheatModifier": true,

	"heatDamageModifier": false,

	"heatDamageAppliesToVehicleAsNormalDamage": true,
	"heatDamagePercentApplicationToVehicle": 0.5,

	"heatDamageAppliesToTurretAsNormalDamage": true,
	"heatDamagePercentApplicationToTurret": 0.75,

	"heatDamageAppliesToBuildingAsNormalDamage": true,
	"heatDamagePercentApplicationToBuilding": 1.5,

	"ballisticNumberOfShots": true,
	"clusteredBallistics": true,

	"laserNumberOfShots": true,

	"damageAltersWeaponRefireModifier": true,
	"damagedWeaponRefireModifierMultiplier": 1.5,

	"jamming": true,
	"jamChanceMultiplier": 1.0,

	"debug": false
}
