{
  "HelpURL" : "https://s3.amazonaws.com/www.harebrained-schemes.com/backer-beta/manual.pdf",
  "EULA_URL": "https://legal.paradoxplaza.com/terms-of-use",
  "PrivacyURL": "https://legal.paradoxplaza.com/privacy",
  "SupportURL" : "https://www.paradoxplaza.com/support-static-info-ca.html",
  "HBSURL" : "http://harebrained-schemes.com/",
  "ParadoxURL" : "https://www.paradoxinteractive.com/",
  "FacebookURL" : "https://www.facebook.com/HarebrainedSchemes/",
  "TwitterURL" : "https://twitter.com/WeBeHarebrained",
  "ForumURL" : "https://forum.paradoxplaza.com/forum/index.php?forums/",
  "BTWebsiteURL" : "http://www.battletechgame.com/",
  "ParadoxForgotPasswordURL" : "https://www.paradoxplaza.com/resetpassword",
  
  "SteamSeasonPassURL" : "https://store.steampowered.com/dlc/637090/",
  "GOGSeasonPassURL" : "https://www.gog.com/game/battletech_season_pass",

   "DefaultMultiplayerMapName" : "mapArena_riverCrossing_vHigh",
   "DefaultMultiplayerMoodName" : "FoggyDay",
   "DefaultSinglePlayerMapName" : "mapArena_riverCrossing_vHigh",
   "DefaultSinglePlayerMoodName" : "FoggyDay",
   "PrewarmRequests": [
	{
		"ResourceType": "BaseDescriptionDef",
		"ResourceID": "All",
		"Priority": "Foreground"
	},
	{
		"ResourceType": "AmmunitionDef",
		"ResourceID": "All",
		"Priority": "Background"
	},
	{
		"ResourceType": "AmmunitionBoxDef",
		"ResourceID": "All",
		"Priority": "Background"
	},
	{
		"ResourceType": "WeaponDef",
		"ResourceID": "All",
		"Priority": "Background"
	},
	{
		"ResourceType": "VehicleDef",
		"ResourceID": "All",
		"Priority": "Background"
	},
	{
		"ResourceType": "VehicleChassisDef",
		"ResourceID": "All",
		"Priority": "Background"
	},
	{
		"ResourceType": "HeatSinkDef",
		"ResourceID": "All",
		"Priority": "Background"
	},
	{
		"ResourceType": "PilotDef",
		"ResourceID": "All",
		"Priority": "Foreground"
	}
	]
}
