[
  {
    "FileName": "",
    "Name": "AIM.INSPIRED",
    "Localization": {
      "CULTURE_RU_RU": "ВДОХНОВЛЕН"
    }
  },
  {
    "FileName": "",
    "Name": "AIM.JUMPED",
    "Localization": {
      "CULTURE_RU_RU": "СОВЕРШЕН ПРЫЖОК"
    }
  },
  {
    "FileName": "",
    "Name": "AIM.STOOD_UP",
    "Localization": {
      "CULTURE_RU_RU": "ПОСЛЕ ПОДЪЕМА"
    }
  },
  {
    "FileName": "",
    "Name": "AIM.TERRAIN",
    "Localization": {
      "CULTURE_RU_RU": "ЛАНДШАФТ"
    }
  },
  {
    "FileName": "",
    "Name": "AIM.SENSOR_IMPAIRED",
    "Localization": {
      "CULTURE_RU_RU": "СБОЙ СЕНСОРОВ"
    }
  },
  {
    "FileName": "",
    "Name": "AIM.INSPIRED",
    "Localization": {
      "CULTURE_RU_RU": "ВДОХНОВЛЕН"
    }
  },
  {
    "FileName": "",
    "Name": "AIM.SPRINTED",
    "Localization": {
      "CULTURE_RU_RU": "ПОСЛЕ БЕГА"
    }
  },
  {
    "FileName": "",
    "Name": "AIM.TARGET_EFFECTS",
    "Localization": {
      "CULTURE_RU_RU": "ЭФФЕКТЫ ЦЕЛИ"
    }
  },
  {
    "FileName": "",
    "Name": "AIM.TARGET_SIZE",
    "Localization": {
      "CULTURE_RU_RU": "РАЗМЕР ЦЕЛИ"
    }
  },
  {
    "FileName": "",
    "Name": "AIM.TARGET_TERRAIN",
    "Localization": {
      "CULTURE_RU_RU": "ЛАНДШАФТ ЦЕЛИ"
    }
  },
  {
    "FileName": "",
    "Name": "AIM.MOVED",
    "Localization": {
      "CULTURE_RU_RU": "ПОСЛЕ ДВИЖЕНИЯ"
    }
  },
  {
    "FileName": "",
    "Name": "AIM.WEAPON_ACCURACY",
    "Localization": {
      "CULTURE_RU_RU": "ТОЧНОСТЬ ОРУЖИЯ"
    }
  },
  {
    "FileName": "",
    "Name": "AIM.ARM_MOUNTED",
    "Localization": {
      "CULTURE_RU_RU": "ОРУЖИЕ НА РУКЕ"
    }
  },
  {
    "FileName": "",
    "Name": "AIM.MIN_RANGE",
    "Localization": {
      "CULTURE_RU_RU": "МИН.ДИСТ."
    }
  },
  {
    "FileName": "",
    "Name": "AIM.SHORT_RANGE",
    "Localization": {
      "CULTURE_RU_RU": "БЛИЖН.ДИСТ."
    }
  },
  {
    "FileName": "",
    "Name": "AIM.MED_RANGE",
    "Localization": {
      "CULTURE_RU_RU": "СР.ДИСТ."
    }
  },
  {
    "FileName": "",
    "Name": "AIM.LONG_RANGE",
    "Localization": {
      "CULTURE_RU_RU": "БОЛ.ДИСТ."
    }
  },
  {
    "FileName": "",
    "Name": "AIM.MAX_RANGE",
    "Localization": {
      "CULTURE_RU_RU": "МАКС.ДИСТ."
    }
  },
  {
    "FileName": "",
    "Name": "AIM.OUT_OF_RANGE",
    "Localization": {
      "CULTURE_RU_RU": "ВНЕ ЗОНЫ ДЕЙСТВ."
    }
  },
  {
    "FileName": "",
    "Name": "AIM.HEIGHT",
    "Localization": {
      "CULTURE_RU_RU": "ВЫСОТА"
    }
  },
  {
    "FileName": "",
    "Name": "AIM.INDIRECT_FIRE",
    "Localization": {
      "CULTURE_RU_RU": "ОГОНЬ НЕПРЯМ. НАВ."
    }
  },
  {
    "FileName": "",
    "Name": "AIM.DAMAGED",
    "Localization": {
      "CULTURE_RU_RU": " ПОВРЕЖДЕНО"
    }
  },
  {
    "FileName": "",
    "Name": "AIM.CHASSIS_DAMAGED",
    "Localization": {
      "CULTURE_RU_RU": "ШАССИ ПОВРЕЖДЕНО"
    }
  },
  {
    "FileName": "",
    "Name": "AIM.OBSTRUCTED",
    "Localization": {
      "CULTURE_RU_RU": "ЧАСТИЧ.ПЕРЕКРЫТИЕ"
    }
  },
  {
    "FileName": "",
    "Name": "AIM.RECOIL",
    "Localization": {
      "CULTURE_RU_RU": "ОТДАЧА"
    }
  },
  {
    "FileName": "",
    "Name": "AIM.TARGET_TYPE",
    "Localization": {
      "CULTURE_RU_RU": "ТИП ЦЕЛИ"
    }
  },
  {
    "FileName": "",
    "Name": "AIM.TARGET_MOVED",
    "Localization": {
      "CULTURE_RU_RU": "ЦЕЛЬ ДВИГАЛАСЬ"
    }
  },
  {
    "FileName": "",
    "Name": "AIM.TARGET_PRONE",
    "Localization": {
      "CULTURE_RU_RU": "ЦЕЛЬ ОБЕЗДВИЖЕНА"
    }
  },
  {
    "FileName": "",
    "Name": "AIM.TARGET_SHUTDOWN",
    "Localization": {
      "CULTURE_RU_RU": "ЦЕЛЬ ОТКЛЮЧЕНА"
    }
  },
  {
    "FileName": "",
    "Name": "AIM.SENSOR_LOCK",
    "Localization": {
      "CULTURE_RU_RU": "СЕНС. ЗАХВАТ"
    }
  },
  {
    "FileName": "",
    "Name": "AIM.WEAPON_DAMAGED",
    "Localization": {
      "CULTURE_RU_RU": "ОРУЖИЕ ПОВРЕЖДЕНО"
    }
  },
  {
    "FileName": "",
    "Name": "AIM.DIRECT",
    "Localization": {
      "CULTURE_RU_RU": "ПРЯМОЙ УДАР"
    }
  },
  {
    "FileName": "",
    "Name": "AIM.DISTANCE",
    "Localization": {
      "CULTURE_RU_RU": "ДИСТАНЦИЯ"
    }
  },
  {
    "FileName": "",
    "Name": "AIM.WEAPON_DAMAGED",
    "Localization": {
      "CULTURE_RU_RU": "ОРУЖИЕ ПОВРЕЖДЕНО"
    }
  },
  {
    "FileName": "",
    "Name": "AIM.PUNCHING_ARM",
    "Localization": {
      "CULTURE_RU_RU": "УДАРНАЯ РУКА"
    }
  },
  {
    "FileName": "",
    "Name": "AIM.DEATH_FROM_ABOVE",
    "Localization": {
      "CULTURE_RU_RU": "СМЕРТЬ С НЕБЕС"
    }
  },
  {
    "FileName": "",
    "Name": "AIM.HEIGHT_DIFF",
    "Localization": {
      "CULTURE_RU_RU": "РАЗНОСТЬ ВЫСОТ"
    }
  },
  {
    "FileName": "",
    "Name": "AIM.RE_ATTACK",
    "Localization": {
      "CULTURE_RU_RU": "ПОВТОРНАЯ АТАКА"
    }
  },
  {
    "FileName": "",
    "Name": "AIM.CHASSIS_PENALTY",
    "Localization": {
      "CULTURE_RU_RU": "ШТРАФ ШАССИ"
    }
  },
  {
    "FileName": "",
    "Name": "AIM.CHASSIS_BONUS",
    "Localization": {
      "CULTURE_RU_RU": "БОНУС ШАССИ"
    }
  },
  {
    "FileName": "",
    "Name": "AIM.FRONT_ATTACK",
    "Localization": {
      "CULTURE_RU_RU": "ФРОНТАЛЬНАЯ АТАКА"
    }
  },
  {
    "FileName": "",
    "Name": "AIM.SIDE_ATTACK",
    "Localization": {
      "CULTURE_RU_RU": "ФЛАНГОВАЯ АТАКА"
    }
  },
  {
    "FileName": "",
    "Name": "AIM.REAR_ATTACK",
    "Localization": {
      "CULTURE_RU_RU": "АТАКА С ТЫЛА"
    }
  },
  {
    "FileName": "",
    "Name": "AIM.Called_Shot",
    "Localization": {
      "CULTURE_RU_RU": "Прицельный выстрел"
    }
  },
  {
    "FileName": "",
    "Name": "AIM.NO_SKILL",
    "Localization": {
      "CULTURE_RU_RU": "(Нет навыков)"
    }
  },
  {
    "FileName": "",
    "Name": "AIM.HEAT",
    "Localization": {
      "CULTURE_RU_RU": "Нагрев"
    }
  },
  {
    "FileName": "",
    "Name": "AIM.STABILITY",
    "Localization": {
      "CULTURE_RU_RU": "Устойч."
    }
  },
  {
    "FileName": "",
    "Name": "AIM.LIGHTMECH",
    "Localization": {
      "CULTURE_RU_RU": "ЛЁГ."
    }
  },
  {
    "FileName": "",
    "Name": "AIM.MEDIUMMECH",
    "Localization": {
      "CULTURE_RU_RU": "СР."
    }
  },
  {
    "FileName": "",
    "Name": "AIM.HEAVYMECH",
    "Localization": {
      "CULTURE_RU_RU": "ТЯЖ."
    }
  },
  {
    "FileName": "",
    "Name": "AIM.ASSAULTMECH",
    "Localization": {
      "CULTURE_RU_RU": "ШТУРМ."
    }
  },
  {
    "FileName": "",
    "Name": "AIM.JETS",
    "Localization": {
      "CULTURE_RU_RU": "Р.ДВИГ."
    }
  },
  {
    "FileName": "",
    "Name": "AIM.TARGET1",
    "Localization": {
      "CULTURE_RU_RU": " А"
    }
  },
  {
    "FileName": "",
    "Name": "AIM.TARGET2",
    "Localization": {
      "CULTURE_RU_RU": " Б"
    }
  },
  {
    "FileName": "",
    "Name": "AIM.TARGET3",
    "Localization": {
      "CULTURE_RU_RU": " В"
    }
  },
  {
    "FileName": "",
    "Name": "AIM.MELEE",
    "Localization": {
      "CULTURE_RU_RU": "Рукопашн."
    }
  },
  {
    "FileName": "",
    "Name": "AIM.DFA",
    "Localization": {
      "CULTURE_RU_RU": "СсН"
    }
  },
  {
    "FileName": "",
    "Name": "AIM.GetTotalLabel1",
    "Localization": {
      "CULTURE_RU_RU": "Всего"
    }
  },
  {
    "FileName": "",
    "Name": "AIM.GetTotalLabel2",
    "Localization": {
      "CULTURE_RU_RU": "Устойчивость"
    }
  },
  {
    "FileName": "",
    "Name": "AIM.REAR_ATTACK",
    "Localization": {
      "CULTURE_RU_RU": "АТАКА С ТЫЛА"
    }
  },
  {
    "FileName": "",
    "Name": "AIM.Dist",
    "Localization": {
      "CULTURE_EN_US": "Дист."
    }
  },
  {
    "FileName": "",
    "Name": "AIM.Damage",
    "Localization": {
      "CULTURE_EN_US": "Урон"
    }
  },
  {
    "FileName": "",
    "Name": "AIM.Long",
    "Localization": {
      "CULTURE_EN_US": "Дальн."
    }
  },
  {
    "FileName": "",
    "Name": "AIM.GunneryShort",
    "Localization": {
      "CULTURE_EN_US": "С"
    }
  },
  {
    "FileName": "",
    "Name": "AIM.PilotingShort",
    "Localization": {
      "CULTURE_EN_US": "П"
    }
  },
  {
    "FileName": "",
    "Name": "AIM.GutsShort",
    "Localization": {
      "CULTURE_EN_US": "В"
    }
  },
  {
    "FileName": "",
    "Name": "AIM.TacticsShort",
    "Localization": {
      "CULTURE_EN_US": "Т"
    }
  },
  {
    "FileName": "",
    "Name": "AIM.Min",
    "Localization": {
      "CULTURE_EN_US": "Мин."
    }
  },
  {
    "FileName": "",
    "Name": "AIM.Long",
    "Localization": {
      "CULTURE_EN_US": "Далн."
    }
  },
  {
    "FileName": "",
    "Name": "AIM.Max",
    "Localization": {
      "CULTURE_EN_US": "Макс."
    }
  },
  {
    "FileName": "",
    "Name": "AIM.HP",
    "Localization": {
      "CULTURE_EN_US": "ОЗ"
    }
  },
  {
    "FileName": "",
    "Name": "AIM.Wounds",
    "Localization": {
      "CULTURE_EN_US": "Раны"
    }
  },
  {
    "FileName": "",
    "Name": "AIM.choose_target",
    "Localization": {
      "CULTURE_EN_US": "-выбири цель-"
    }
  }  
]
