{
	"Description" : {
		"Id" : "DesignMaskBurningForest",
		"Name" : "BURNING FOREST",
		"Details" : "Smoke making evenmies hard to target you, but also impacts your targeting ability. Units passing through burning forest only sink 50% of their normal Heat.",
		"Icon" : "uixSvgIcon_designMask_geothermal"
	},
    "moveCostMechLight" : 1.1,
    "moveCostMechMedium" : 1.1,
    "moveCostMechHeavy" : 1.1,
    "moveCostMechAssault" : 1.1,
    "moveCostTrackedLight" : 2.0,
    "moveCostTrackedMedium" : 2.0,
    "moveCostTrackedHeavy" : 2.0,
    "moveCostTrackedAssault" : 2.0,
    "moveCostWheeledLight" : 2.0,
    "moveCostWheeledMedium" : 2.0,
    "moveCostWheeledHeavy" : 2.0,
    "moveCostWheeledAssault" : 2.0,
    "moveCostSprintMultiplier" : 1.0,
    "stabilityDamageMultiplier" : 1.0,
    "visibilityMultiplier" : 5.0,
    "visibilityHeight" : 100.0, 
    "signatureMultiplier" : 0.5,
    "targetabilityModifier" : 5.0,
    "grantsGuarded" : false,
    "grantsEvasive" : false,
    "toHitFromModifier" : 5.0,
    "heatSinkMultiplier" : 0.5,
    "heatPerTurn" : 10,
    "legStructureDamageMin" : 0,
    "legStructureDamageMax" : 0,
    "canBurn" : false,
    "canExplode" : false,
    "stickyEffect" :        
    {
        "durationData":
        {
            "duration": 2,
            "ticksOnMovements": true,
            "stackLimit": 1
        },
        "targetingData":
        {
            "effectTargetType": "SingleTarget",
            "showInStatusPanel": true,
            "showInTargetPreview": true
        },
        "effectType": "StatisticEffect",
        "Description":
        {
            "Id": "DesignMaskBurningForest",
            "Name": "MECH IS ON FIRE",
            "Details": "The mech, the mech, the mech is on fire.",
            "Icon" : "uixSvgIcon_designMask_rough"
        },
        "statisticData":
        {
            "statName": "HeatSinkCapacity",
            "operation": "Int_Multiply_Float",
            "modValue": "0.5",
            "modType": "System.Single"
        },
        "nature": "Debuff"
    },
	"audioSwitchSurfaceType" : "dirt",
	"audioSwitchRainingSurfaceType" : "dirt"
} 