{
	"Description" : {
		"Id" : "DesignMaskBurnedForest",
		"Name" : "BURNED FOREST",
		"Details" : "This is an ecological disaster, shame on you.",
		"Icon" : "uixSvgIcon_designMask_rough"
	},
    "moveCostMechLight" : 1.25,
    "moveCostMechMedium" : 1.25,
    "moveCostMechHeavy" : 1.25,
    "moveCostMechAssault" : 1.25,
    "moveCostTrackedLight" : 2.0,
    "moveCostTrackedMedium" : 2.0,
    "moveCostTrackedHeavy" : 2.0,
    "moveCostTrackedAssault" : 2.0,
    "moveCostWheeledLight" : 2.0,
    "moveCostWheeledMedium" : 2.0,
    "moveCostWheeledHeavy" : 2.0,
    "moveCostWheeledAssault" : 2.0,
    "moveCostSprintMultiplier" : 1.0,
    "stabilityDamageMultiplier" : 1.0,
    "meleeTargetabilityModifier" : 4,
    "visibilityMultiplier" : 1.0,
    "visibilityHeight" : 1.0,
    "signatureMultiplier" : 1.0,
    "targetabilityModifier" : 0.0,
    "grantsGuarded" : false,
    "grantsEvasive" : false,
    "toHitFromModifier" : 0.0,
    "heatSinkMultiplier" : 1.0,
    "heatPerTurn" : 0,
    "legStructureDamageMin" : 0,
    "legStructureDamageMax" : 0,
    "canBurn" : false,
    "canExplode" : false,
    "meleeTargetabilityModifier" : 4.0,
    "stickyEffect" :        
    {
        "durationData":
        {
            "duration": 2,
            "ticksOnMovements": true,
            "stackLimit": 1
        },
        "targetingData":
        {
            "effectTargetType": "SingleTarget",
            "showInStatusPanel": true,
            "showInTargetPreview": true
        },
        "effectType": "StatisticEffect",
        "Description":
        {
            "Id": "DesignMaskRough",
            "Name": "ROUGH TERRAIN",
            "Details": "This unit moved through rough terrain. It will take 150% stability damage from all attacks until its next activation.",
            "Icon" : "uixSvgIcon_designMask_rough"
        },
        "statisticData":
        {
            "statName": "ReceivedInstabilityMultiplier",
            "operation": "Float_Multiply",
            "modValue": "1.5",
            "modType": "System.Single"
        },
        "nature": "Debuff"
    },
	"audioSwitchSurfaceType" : "gravel",
	"audioSwitchRainingSurfaceType" : "gravel"
}
