{
	"Description" : {
		"Id" : "DesignMaskBurningTerrain",
		"Name" : "FIRE",
		"Details" : "Units passing through burning terrain only sink 50% of their normal Heat.",
		"Icon" : "uixSvgIcon_designMask_geothermal"
	},
    "moveCostMechLight" : 1.1,
    "moveCostMechMedium" : 1.1,
    "moveCostMechHeavy" : 1.1,
    "moveCostMechAssault" : 1.1,
    "moveCostTrackedLight" : 2.0,
    "moveCostTrackedMedium" : 2.0,
    "moveCostTrackedHeavy" : 2.0,
    "moveCostTrackedAssault" : 2.0,
    "moveCostWheeledLight" : 2.0,
    "moveCostWheeledMedium" : 2.0,
    "moveCostWheeledHeavy" : 2.0,
    "moveCostWheeledAssault" : 2.0,
    "moveCostSprintMultiplier" : 1.0,
    "stabilityDamageMultiplier" : 1.0,
    "visibilityMultiplier" : 1.0,
    "visibilityHeight" : 1.0,
    "signatureMultiplier" : 1.0,
    "targetabilityModifier" : 0.0,
    "grantsGuarded" : false,
    "grantsEvasive" : false,
    "toHitFromModifier" : 0.0,
    "heatSinkMultiplier" : 0.5,
    "heatPerTurn" : 0,
    "legStructureDamageMin" : 0,
    "legStructureDamageMax" : 0,
    "canBurn" : false,
    "canExplode" : false,
    "stickyEffect" :        
    {
        "durationData":
        {
            "duration": 2,
            "ticksOnMovements": true,
            "stackLimit": 1
        },
        "targetingData":
        {
            "effectTargetType": "SingleTarget",
            "showInStatusPanel": true,
            "showInTargetPreview": true
        },
        "effectType": "StatisticEffect",
        "Description":
        {
            "Id": "DesignMaskGeothermal",
            "Name": "GEOTHERMAL",
            "Details": "This unit moved through geothermal terrain. It will only sink 50% of its normal heat until the end of its next activation.",
            "Icon" : "uixSvgIcon_designMask_rough"
        },
        "statisticData":
        {
            "statName": "HeatSinkCapacity",
            "operation": "Int_Multiply_Float",
            "modValue": "0.5",
            "modType": "System.Single"
        },
        "nature": "Debuff"
    },
	"audioSwitchSurfaceType" : "lava",
	"audioSwitchRainingSurfaceType" : "lava"
}
