{
	"Description" : {
		"Id" : "DesignMaskWater",
		"Name" : "WATER",
		"Details" : "Water reduces movement speed and increases a unit's Heat-sinking ability by 50%.",
		"Icon" : "uixSvgIcon_designMask_water"
	},
    "moveCostMechLight" : 1.5,
    "moveCostMechMedium" : 1.5,
    "moveCostMechHeavy" : 1.5,
    "moveCostMechAssault" : 1.5,
    "moveCostTrackedLight" : 3.0,
    "moveCostTrackedMedium" : 3.0,
    "moveCostTrackedHeavy" : 3.0,
    "moveCostTrackedAssault" : 3.0,
    "moveCostWheeledLight" : 3.0,
    "moveCostWheeledMedium" : 3.0,
    "moveCostWheeledHeavy" : 3.0,
    "moveCostWheeledAssault" : 3.0,
    "moveCostSprintMultiplier" : 1.0,
    "stabilityDamageMultiplier" : 1.0,
    "visibilityMultiplier" : 1.0,
    "visibilityHeight" : 1.0,
    "signatureMultiplier" : 1.0,
    "targetabilityModifier" : 0.0,
    "grantsGuarded" : false,
    "grantsEvasive" : false,
    "toHitFromModifier" : 0.0,
    "heatSinkMultiplier" : 1.5,
    "heatPerTurn" : 0,
    "legStructureDamageMin" : 0,
    "legStructureDamageMax" : 0,
    "canBurn" : false,
    "canExplode" : false,
	"audioSwitchSurfaceType" : "water_deep",
	"audioSwitchRainingSurfaceType" : "water_deep",
	"Custom":{
		"CustomMoveCost":{
			"Hover": {
				"moveCost":1,
				"SprintMultiplier":1
			}
		}
	}	
}
