{
	"Description" : {
		"Id" : "DesignMaskWaterDeep",
		"Name" : "DEEP WATER",
		"Details" : "Units cannot move through Deep Water.",
		"Icon" : "uixSvgIcon_water"
	},
    "moveCostMechLight" : 99999.9,
    "moveCostMechMedium" : 99999.9,
    "moveCostMechHeavy" : 99999.9,
    "moveCostMechAssault" : 99999.9,
    "moveCostTrackedLight" : 99999.9,
    "moveCostTrackedMedium" : 99999.9,
    "moveCostTrackedHeavy" : 99999.9,
    "moveCostTrackedAssault" : 99999.9,
    "moveCostWheeledLight" : 99999.9,
    "moveCostWheeledMedium" : 99999.9,
    "moveCostWheeledHeavy" : 99999.9,
    "moveCostWheeledAssault" : 99999.9,
    "moveCostSprintMultiplier" : 99999.9,
	"audioSwitchSurfaceType" : "water_deep",
	"audioSwitchRainingSurfaceType" : "water_deep",
	"Custom":{
		"CustomMoveCost":{
			"Hover": {
				"moveCost":1,
				"SprintMultiplier":2
			}
		}
	}
}
