{
	"Description" : {
		"Id" : "DesignMaskForest",
		"Name" : "FOREST",
		"Details" : "Forest reduces movement and spotting distance, and provides COVER (20% damage reduction against ranged attacks to the front and side; stacks with GUARDED).",
		"Icon" : "uixSvgIcon_designMask_forest"
	},
    "moveCostMechLight" : 1.25,
    "moveCostMechMedium" : 1.25,
    "moveCostMechHeavy" : 1.25,
    "moveCostMechAssault" : 1.25,
    "moveCostTrackedLight" : 1.5,
    "moveCostTrackedMedium" : 1.5,
    "moveCostTrackedHeavy" : 1.5,
    "moveCostTrackedAssault" : 1.5,
    "moveCostWheeledLight" : 2.0,
    "moveCostWheeledMedium" : 2.0,
    "moveCostWheeledHeavy" : 2.0,
    "moveCostWheeledAssault" : 2.0,
    "moveCostSprintMultiplier" : 1.5,
    "stabilityDamageMultiplier" : 1.0,
    "visibilityMultiplier" : 2.0,
    "visibilityHeight" : 20.0,
    "signatureMultiplier" : 1.0,
    "targetabilityModifier" : 0.0,
    "grantsGuarded" : true,
    "grantsEvasive" : false,
    "toHitFromModifier" : 0.0,
    "heatSinkMultiplier" : 1.0,
    "heatPerTurn" : 0,
    "legStructureDamageMin" : 0,
    "legStructureDamageMax" : 0,
    "canBurn" : false,
    "canExplode" : false,
	"audioSwitchSurfaceType" : "wood",
	"audioSwitchRainingSurfaceType" : "wood",
	"Custom":{
		"CustomMoveCost":{
			"Hover": {
				"moveCost":9999.9,
				"SprintMultiplier":9999.9
			}
		}
	}
	
}
