{
  "Custom": {
    "ActivatableComponent": {
      "ButtonName": "AECM",
      "CanNotBeActivatedManualy": false,
      "ActiveByDefault": true,
      "statusEffects": [
        {
          "durationData": {
            "duration": -1,
            "stackLimit": 1
          },
          "targetingData": {
            "effectTriggerType": "Passive",
            "specialRules": "Aura",
            "auraEffectType": "ECM_GENERAL",
            "effectTargetType": "AlliesWithinRange",
            "range": 100.0,
            "forcePathRebuild": false,
            "forceVisRebuild": false,
            "showInTargetPreview": false,
            "showInStatusPanel": false
          },
          "effectType": "StatisticEffect",
          "Description": {
            "Id": "ECMEffect_IndirectImmunity",
            "Name": "__/CustomActivatableEquipment.Gear_Sensor_Prototype_EWE3.ECMEffect_IndirectImmunity.CAE0.Name/__",
            "Details": "__/CustomActivatableEquipment.Gear_Sensor_Prototype_EWE3.ECMEffect_IndirectImmunity.CAE0.Details/__",
            "Icon": "uixSvgIcon_status_ECM-missileDef"
          },
          "statisticData": {
            "statName": "IsIndirectImmune",
            "operation": "Set",
            "modValue": "true",
            "modType": "System.Boolean"
          },
          "nature": "Buff"
        },
        {
          "durationData": {
            "duration": -1,
            "stackLimit": 1
          },
          "targetingData": {
            "effectTriggerType": "Passive",
            "specialRules": "Aura",
            "auraEffectType": "ECM_GENERAL",
            "effectTargetType": "AlliesWithinRange",
            "range": 100.0,
            "forcePathRebuild": false,
            "forceVisRebuild": false,
            "showInTargetPreview": true,
            "showInStatusPanel": true
          },
          "effectType": "StatisticEffect",
          "Description": {
            "Id": "ECMEffect_MissileDefense",
            "Name": "__/CustomActivatableEquipment.Gear_Sensor_Prototype_EWE3.ECMEffect_MissileDefense.CAE1.Name/__",
            "Details": "__/CustomActivatableEquipment.Gear_Sensor_Prototype_EWE3.ECMEffect_MissileDefense.CAE1.Details/__",
            "Icon": "uixSvgIcon_status_ECM-missileDef"
          },
          "statisticData": {
            "statName": "ToHitThisActorMissile",
            "operation": "Float_Add",
            "modValue": "4.0",
            "modType": "System.Single"
          },
          "nature": "Buff"
        },
        {
          "durationData": {
            "duration": -1,
            "stackLimit": 1
          },
          "targetingData": {
            "effectTriggerType": "Passive",
            "specialRules": "Aura",
            "auraEffectType": "ECM_GHOST",
            "effectTargetType": "AlliesWithinRange",
            "range": 100.0,
            "forcePathRebuild": false,
            "forceVisRebuild": true,
            "showInTargetPreview": false,
            "showInStatusPanel": false
          },
          "effectType": "StatisticEffect",
          "Description": {
            "Id": "ECMStealth_GhostEffect_Allies",
            "Name": "__/CustomActivatableEquipment.Gear_Sensor_Prototype_EWE3.ECMStealth_GhostEffect_Allies.CAE2.Name/__",
            "Details": "__/CustomActivatableEquipment.Gear_Sensor_Prototype_EWE3.ECMStealth_GhostEffect_Allies.CAE2.Details/__",
            "Icon": "uixSvgIcon_status_ECM-ghost"
          },
          "statisticData": {
            "statName": "GhostEffectStacks",
            "operation": "Int_Add",
            "modValue": "1",
            "modType": "System.Int32"
          },
          "nature": "Buff"
        },
        {
          "durationData": {
            "duration": -1,
            "stackLimit": 1
          },
          "targetingData": {
            "effectTriggerType": "Passive",
            "specialRules": "NotSet",
            "effectTargetType": "Creator",
            "range": 0.0,
            "forcePathRebuild": false,
            "forceVisRebuild": true,
            "showInTargetPreview": true,
            "showInStatusPanel": true
          },
          "effectType": "StatisticEffect",
          "Description": {
            "Id": "ECMStealth_GhostEffect",
            "Name": "__/CustomActivatableEquipment.Gear_Sensor_Prototype_EWE3.ECMStealth_GhostEffect.CAE3.Name/__",
            "Details": "__/CustomActivatableEquipment.Gear_Sensor_Prototype_EWE3.ECMStealth_GhostEffect.CAE3.Details/__",
            "Icon": "uixSvgIcon_status_ECM-ghost"
          },
          "statisticData": {
            "statName": "GhostEffectStacks",
            "operation": "Int_Add",
            "modValue": "1",
            "modType": "System.Int32"
          },
          "nature": "Buff"
        },
        {
          "durationData": {
            "duration": -1,
            "stackLimit": -1,
            "uniqueEffectIdStackLimit": 1
          },
          "targetingData": {
            "effectTriggerType": "Passive",
            "specialRules": "Aura",
            "auraEffectType": "ECM_COUNTER",
            "effectTargetType": "EnemiesWithinRange",
            "range": 100.0,
            "forcePathRebuild": false,
            "forceVisRebuild": true,
            "showInTargetPreview": false,
            "showInStatusPanel": false
          },
          "effectType": "StatisticEffect",
          "Description": {
            "Id": "ECMCounter_GhostSpotterEffect",
            "Name": "__/CustomActivatableEquipment.Gear_Sensor_Prototype_EWE3.ECMCounter_GhostSpotterEffect.CAE4.Name/__",
            "Details": "__/CustomActivatableEquipment.Gear_Sensor_Prototype_EWE3.ECMCounter_GhostSpotterEffect.CAE4.Details/__",
            "Icon": "uixSvgIcon_action_sensorlock"
          },
          "statisticData": {
            "statName": "HasGhostSpotter",
            "operation": "Set",
            "modValue": "true",
            "modType": "System.Boolean"
          },
          "nature": "Debuff"
        }
      ]
    }
  },
  "StatName": null,
  "RelativeModifier": 0,
  "AbsoluteModifier": 0,
  "Description": {
    "Cost": 2000000,
    "Rarity": 99,
    "Purchasable": false,
    "Manufacturer": "Ceres Arms",
    "Model": "Gen 3 EWE",
    "UIName": "__/CustomActivatableEquipment.Gear_Sensor_Prototype_EWE3.UIName/__",
    "Id": "Gear_Sensor_Prototype_EWE3",
    "Name": "__/CustomActivatableEquipment.Gear_Sensor_Prototype_EWE3.Name/__",
    "Details": "__/CustomActivatableEquipment.Gear_Sensor_Prototype_EWE3.Details/__",
    "Icon": "UixSvgIcon_specialEquip_Sensors"
  },
  "BonusValueA": "+ ECM Field",
  "BonusValueB": "+ Area Sensor Lock",
  "ComponentType": "Upgrade",
  "ComponentSubType": "Prototype_ElectronicWarfare",
  "PrefabIdentifier": "",
  "BattleValue": 0,
  "InventorySize": 3,
  "Tonnage": 2,
  "AllowedLocations": "All",
  "DisallowedLocations": "All",
  "CriticalComponent": false,
  "statusEffects": [
    {
      "targetingData": {
        "effectTriggerType": "OnActivation",
        "effectTargetType": "EnemiesWithinRange",
        "alsoTargetsCreator": true,
        "forceVisRebuild": true
      },
      "effectType": "ActiveAbility",
      "Description": {
        "Id": "ActiveProbe_Ping",
        "Name": "__/CustomActivatableEquipment.Gear_Sensor_Prototype_EWE3.ActiveProbe_Ping.effect0.Name/__",
        "Details": "__/CustomActivatableEquipment.Gear_Sensor_Prototype_EWE3.ActiveProbe_Ping.effect0.Details/__",
        "Icon": "uixSvgIcon_action_sensorlock"
      },
      "activeAbilityEffectData": {
        "abilityName": "AbilityDef_ActiveProbe_Ping"
      }
    }
  ],
  "ComponentTags": {
    "items": [
      "cae_ai_defence"
    ],
    "tagSetSourceFile": ""
  }
}