{
  "Custom": {
    "Category": [
      {
        "CategoryID": "Activatable"
      },
      {
        "CategoryID": "CoolingPod"
      }
    ],
    "ActivatableComponent": {
      "CanNotBeActivatedManualy": true,
      "Repair": {
        "InnerStructure": 10,
        "Armor": 15,
        "MechStructureLocations": [],
        "MechArmorLocations": [],
        "VehicleLocations": [],
        "BuildingLocations": [],
        "AffectInstalledLocation": true,
        "repairTrigger": {
          "OnActivation": false,
          "OnDamage": "InstalledLocation",
          "AtEndOfTurn": true
        }
      },
      "statusEffects": []
    }
  },
  "StatName": null,
  "RelativeModifier": 0,
  "AbsoluteModifier": 0,
  "Description": {
    "Cost": 20000,
    "Rarity": 1,
    "Purchasable": true,
    "Manufacturer": "Coventry",
    "Model": "Generic",
    "UIName": "__/CustomActivatableEquipment.Gear_Harjel.UIName/__",
    "Id": "Gear_Harjel",
    "Name": "__/CustomActivatableEquipment.Gear_Harjel.Name/__",
    "Details": "__/CustomActivatableEquipment.Gear_Harjel.Details/__",
    "Icon": "uixSvgIcon_ability_coolantVent"
  },
  "BonusValueA": "+50 Heat dissipation on activation",
  "BonusValueB": "",
  "ComponentType": "Upgrade",
  "ComponentSubType": "NotSet",
  "PrefabIdentifier": "",
  "BattleValue": 0,
  "InventorySize": 1,
  "Tonnage": 1,
  "AllowedLocations": "All",
  "DisallowedLocations": "All",
  "CriticalComponent": false,
  "statusEffects": [],
  "ComponentTags": {
    "items": [
      "component_type_variant",
      "component_type_variant1"
    ],
    "tagSetSourceFile": ""
  }
}