{
  "Custom": {
    "Category": [
      {
        "CategoryID": "Activatable"
      },
      {
        "CategoryID": "CoolingPod"
      }
    ],
    "ActivatableComponent": {
      "ButtonName": "CPOD",
      "FailFlatChance": 0.0,
      "FailRoundsStart": 1,
      "FailChancePerTurn": 0.0,
      "FailISDamage": 0,
      "FailCrit": false,
      "MechTonnageWeightMult": 0,
      "MechTonnageSlotsMult": 0,
      "EngineTonnageWeightMult": 0,
      "EngineTonnageSlotsMult": 0,
      "FailPilotingBase": 0,
      "FailPilotingMult": 0.0,
      "DeactivationMessage": "",
      "ActivationMessage": "ACTIVATED",
      "ChargesCount": 3,
      "NoUniqueCheck": true,
      "FailDamageLocations": [],
      "statusEffects": [
        {
          "durationData": {
            "duration": 1,
            "ticksOnActivations": true
          },
          "targetingData": {
            "effectTriggerType": "Passive",
            "effectTargetType": "Creator",
            "showInTargetPreview": true,
            "showInStatusPanel": true
          },
          "effectType": "StatisticEffect",
          "Description": {
            "Id": "CoolantPod",
            "Name": "__/CustomActivatableEquipment.Gear_CoolingPod.CoolantPod.CAE0.Name/__",
            "Details": "__/CustomActivatableEquipment.Gear_CoolingPod.CoolantPod.CAE0.Details/__",
            "Icon": "uixSvgIcon_ability_coolantVent"
          },
          "statisticData": {
            "statName": "HeatSinkCapacity",
            "operation": "Int_Add",
            "modValue": "50",
            "modType": "System.Int32"
          },
          "nature": "Buff"
        }
      ]
    }
  },
  "StatName": null,
  "RelativeModifier": 0,
  "AbsoluteModifier": 0,
  "Description": {
    "Cost": 20000,
    "Rarity": 1,
    "Purchasable": true,
    "Manufacturer": "Coventry",
    "Model": "Generic",
    "UIName": "__/CustomActivatableEquipment.Gear_CoolingPod.UIName/__",
    "Id": "Gear_CollingPod",
    "Name": "__/CustomActivatableEquipment.Gear_CoolingPod.Name/__",
    "Details": "__/CustomActivatableEquipment.Gear_CoolingPod.Details/__",
    "Icon": "uixSvgIcon_ability_coolantVent"
  },
  "BonusValueA": "+50 Heat dissipation on activation",
  "BonusValueB": "",
  "ComponentType": "Upgrade",
  "ComponentSubType": "NotSet",
  "PrefabIdentifier": "",
  "BattleValue": 0,
  "InventorySize": 1,
  "Tonnage": 1,
  "AllowedLocations": "All",
  "DisallowedLocations": "All",
  "CriticalComponent": false,
  "statusEffects": [],
  "ComponentTags": {
    "items": [
      "component_type_variant",
      "component_type_variant1"
    ],
    "tagSetSourceFile": ""
  }
}