{
  "Custom": {
    "ActivatableComponent": {
      "ButtonName": "SpeedUp",
      "CanNotBeActivatedManualy": false,
      "activateSound": "enum:AudioEventList_ui.ui_ecm_start",
      "Linkage": {
        "OnActivate": {
          "Deactivate": [
            "ECM"
          ]
        }
      },
      "activateVFX": {
        "VFXPrefab": "vfxPrfPrtl_miningSmokePlume_lrg_loop"
      },
      "statusEffects": [
        {
          "durationData": {
            "duration": -1,
            "ticksOnActivations": false,
            "useActivationsOfTarget": false,
            "ticksOnEndOfRound": false,
            "ticksOnMovements": false,
            "stackLimit": -1,
            "clearedWhenAttacked": false
          },
          "targetingData": {
            "effectTriggerType": "Passive",
            "triggerLimit": 0,
            "extendDurationOnTrigger": 0,
            "specialRules": "NotSet",
            "effectTargetType": "Creator",
            "range": 0,
            "forcePathRebuild": true,
            "forceVisRebuild": false,
            "showInTargetPreview": false,
            "showInStatusPanel": true
          },
          "effectType": "StatisticEffect",
          "Description": {
            "Id": "StatusEffect-MASC-WalkSpeedDouble",
            "Name": "__/CustomActivatableEquipment.Gear_SpeedBooster.StatusEffect-MASC-WalkSpeedDouble.CAE0.Name/__",
            "Details": "__/CustomActivatableEquipment.Gear_SpeedBooster.StatusEffect-MASC-WalkSpeedDouble.CAE0.Details/__",
            "Icon": "uixSvgIcon_equipment_Gyro"
          },
          "nature": "Buff",
          "statisticData": {
            "appliesEachTick": false,
            "effectsPersistAfterDestruction": false,
            "statName": "WalkSpeed",
            "operation": "Float_Multiply",
            "modValue": "3.0",
            "modType": "System.Single",
            "additionalRules": "NotSet",
            "targetCollection": "NotSet",
            "targetWeaponCategory": "NotSet",
            "targetWeaponType": "NotSet",
            "targetAmmoCategory": "NotSet",
            "targetWeaponSubType": "NotSet"
          },
          "tagData": null,
          "floatieData": null,
          "actorBurningData": null,
          "vfxData": null,
          "instantModData": null,
          "poorlyMaintainedEffectData": null
        },
        {
          "durationData": {
            "duration": -1,
            "ticksOnActivations": false,
            "useActivationsOfTarget": false,
            "ticksOnEndOfRound": false,
            "ticksOnMovements": false,
            "stackLimit": -1,
            "clearedWhenAttacked": false
          },
          "targetingData": {
            "effectTriggerType": "Passive",
            "triggerLimit": 0,
            "extendDurationOnTrigger": 0,
            "specialRules": "NotSet",
            "effectTargetType": "Creator",
            "range": 0,
            "forcePathRebuild": true,
            "forceVisRebuild": false,
            "showInTargetPreview": false,
            "showInStatusPanel": true
          },
          "effectType": "StatisticEffect",
          "Description": {
            "Id": "StatusEffect-MASC-RunSpeedDouble",
            "Name": "__/CustomActivatableEquipment.Gear_SpeedBooster.StatusEffect-MASC-RunSpeedDouble.CAE1.Name/__",
            "Details": "__/CustomActivatableEquipment.Gear_SpeedBooster.StatusEffect-MASC-RunSpeedDouble.CAE1.Details/__",
            "Icon": "uixSvgIcon_equipment_Gyro"
          },
          "nature": "Buff",
          "statisticData": {
            "appliesEachTick": false,
            "effectsPersistAfterDestruction": false,
            "statName": "RunSpeed",
            "operation": "Float_Multiply",
            "modValue": "3.0",
            "modType": "System.Single",
            "additionalRules": "NotSet",
            "targetCollection": "NotSet",
            "targetWeaponCategory": "NotSet",
            "targetWeaponType": "NotSet",
            "targetAmmoCategory": "NotSet",
            "targetWeaponSubType": "NotSet"
          },
          "tagData": null,
          "floatieData": null,
          "actorBurningData": null,
          "vfxData": null,
          "instantModData": null,
          "poorlyMaintainedEffectData": null
        }
      ]
    }
  },
  "StatName": null,
  "RelativeModifier": 0,
  "AbsoluteModifier": 0,
  "Description": {
    "Cost": 20000,
    "Rarity": 99,
    "Purchasable": false,
    "Manufacturer": "Akkatran",
    "Model": "T-X",
    "UIName": "__/CustomActivatableEquipment.Gear_SpeedBooster.UIName/__",
    "Id": "Gear_SpeedBooster",
    "Name": "__/CustomActivatableEquipment.Gear_SpeedBooster.Name/__",
    "Details": "__/CustomActivatableEquipment.Gear_SpeedBooster.Details/__",
    "Icon": "uixSvgIcon_equipment_Gyro"
  },
  "BonusValueA": "x3 Скрорость",
  "BonusValueB": "",
  "ComponentType": "Upgrade",
  "ComponentSubType": "NotSet",
  "PrefabIdentifier": "",
  "BattleValue": 0,
  "InventorySize": 2,
  "Tonnage": 2,
  "AllowedLocations": "Torso",
  "DisallowedLocations": "All",
  "CriticalComponent": false,
  "statusEffects": [],
  "ComponentTags": {
    "items": [
      "component_type_variant",
      "component_type_variant3"
    ],
    "tagSetSourceFile": ""
  }
}