{
  "Custom": {
    "ActivatableComponent": {
      "ButtonName": "CUT RA",
      "FailFlatChance": 1.0,
      "FailRoundsStart": 1,
      "FailChancePerTurn": 0.0,
      "FailISDamage": 200,
      "FailCrit": false,
      "CanNotBeActivatedManualy": false,
      "FailDamageLocations": [
        "RightArm"
      ],
      "statusEffects": []
    }
  },
  "StatName": null,
  "RelativeModifier": 0,
  "AbsoluteModifier": 0,
  "Description": {
    "Cost": 20000,
    "Rarity": 1,
    "Purchasable": true,
    "Manufacturer": "Coventry",
    "Model": "IS",
    "UIName": "__/CustomActivatableEquipment.Gear_CutArm.UIName/__",
    "Id": "Gear_CutArm",
    "Name": "__/CustomActivatableEquipment.Gear_CutArm.Name/__",
    "Details": "__/CustomActivatableEquipment.Gear_CutArm.Details/__",
    "Icon": "uixSvgIcon_equipment_Gyro"
  },
  "BonusValueA": "Cut Right Arm",
  "BonusValueB": "",
  "ComponentType": "Upgrade",
  "ComponentSubType": "NotSet",
  "PrefabIdentifier": "",
  "BattleValue": 0,
  "InventorySize": 1,
  "Tonnage": 0,
  "AllowedLocations": "All",
  "DisallowedLocations": "All",
  "CriticalComponent": false,
  "statusEffects": [],
  "ComponentTags": {
    "items": [
      "component_type_variant",
      "component_type_variant1"
    ],
    "tagSetSourceFile": ""
  }
}