{
  "Custom": {
    "Category": [
      {
        "CategoryID": "Activatable"
      },
      {
        "CategoryID": "MASC"
      }
    ],
    "ActivatableComponent": {
      "ButtonName": "MASC",
      "CanNotBeActivatedManualy": false,
      "FailFlatChance": 0.16,
      "FailRoundsStart": 1,
      "FailChancePerTurn": 0.16,
      "FailISDamage": 200,
      "FailCrit": true,
      "MechTonnageWeightMult": 20,
      "MechTonnageSlotsMult": 20,
      "EngineTonnageWeightMult": 0,
      "EngineTonnageSlotsMult": 0,
      "FailPilotingBase": 5,
      "FailPilotingMult": 0.1,
      "FailDamageLocations": [
        "LeftLeg",
        "RightLeg"
      ],
      "activateVFX": {
        "VFXPrefab": "vfxPrfPrtl_miningSmokePlume_lrg_loop"
      },
      "Explosion": {
        "Range": 90,
        "Damage": 3000,
        "Heat": 100,
        "Stability": 100
      },
      "statusEffects": [
        {
          "durationData": {
            "duration": -1,
            "ticksOnActivations": false,
            "useActivationsOfTarget": false,
            "ticksOnEndOfRound": false,
            "ticksOnMovements": false,
            "stackLimit": -1,
            "clearedWhenAttacked": false
          },
          "targetingData": {
            "effectTriggerType": "Passive",
            "triggerLimit": 0,
            "extendDurationOnTrigger": 0,
            "specialRules": "NotSet",
            "effectTargetType": "Creator",
            "range": 0,
            "forcePathRebuild": true,
            "forceVisRebuild": false,
            "showInTargetPreview": false,
            "showInStatusPanel": true
          },
          "effectType": "StatisticEffect",
          "Description": {
            "Id": "StatusEffect-MASC-WalkSpeedDouble",
            "Name": "__/CustomActivatableEquipment.Gear_MASC.StatusEffect-MASC-WalkSpeedDouble.CAE0.Name/__",
            "Details": "__/CustomActivatableEquipment.Gear_MASC.StatusEffect-MASC-WalkSpeedDouble.CAE0.Details/__",
            "Icon": "uixSvgIcon_equipment_Gyro"
          },
          "nature": "Buff",
          "statisticData": {
            "appliesEachTick": false,
            "effectsPersistAfterDestruction": false,
            "statName": "WalkSpeed",
            "operation": "Float_Multiply",
            "modValue": "2.0",
            "modType": "System.Single",
            "additionalRules": "NotSet",
            "targetCollection": "NotSet",
            "targetWeaponCategory": "NotSet",
            "targetWeaponType": "NotSet",
            "targetAmmoCategory": "NotSet",
            "targetWeaponSubType": "NotSet"
          },
          "tagData": null,
          "floatieData": null,
          "actorBurningData": null,
          "vfxData": null,
          "instantModData": null,
          "poorlyMaintainedEffectData": null
        },
        {
          "durationData": {
            "duration": -1,
            "ticksOnActivations": false,
            "useActivationsOfTarget": false,
            "ticksOnEndOfRound": false,
            "ticksOnMovements": false,
            "stackLimit": -1,
            "clearedWhenAttacked": false
          },
          "targetingData": {
            "effectTriggerType": "Passive",
            "triggerLimit": 0,
            "extendDurationOnTrigger": 0,
            "specialRules": "NotSet",
            "effectTargetType": "Creator",
            "range": 0,
            "forcePathRebuild": true,
            "forceVisRebuild": false,
            "showInTargetPreview": false,
            "showInStatusPanel": true
          },
          "effectType": "StatisticEffect",
          "Description": {
            "Id": "StatusEffect-MASC-RunSpeedDouble",
            "Name": "__/CustomActivatableEquipment.Gear_MASC.StatusEffect-MASC-RunSpeedDouble.CAE1.Name/__",
            "Details": "__/CustomActivatableEquipment.Gear_MASC.StatusEffect-MASC-RunSpeedDouble.CAE1.Details/__",
            "Icon": "uixSvgIcon_equipment_Gyro"
          },
          "nature": "Buff",
          "statisticData": {
            "appliesEachTick": false,
            "effectsPersistAfterDestruction": false,
            "statName": "RunSpeed",
            "operation": "Float_Multiply",
            "modValue": "2.0",
            "modType": "System.Single",
            "additionalRules": "NotSet",
            "targetCollection": "NotSet",
            "targetWeaponCategory": "NotSet",
            "targetWeaponType": "NotSet",
            "targetAmmoCategory": "NotSet",
            "targetWeaponSubType": "NotSet"
          },
          "tagData": null,
          "floatieData": null,
          "actorBurningData": null,
          "vfxData": null,
          "instantModData": null,
          "poorlyMaintainedEffectData": null
        }
      ]
    }
  },
  "StatName": null,
  "RelativeModifier": 0,
  "AbsoluteModifier": 0,
  "Description": {
    "Cost": 20000,
    "Rarity": 1,
    "Purchasable": true,
    "Manufacturer": "Coventry",
    "Model": "IS A",
    "UIName": "__/CustomActivatableEquipment.Gear_MASC.UIName/__",
    "Id": "Gear_MASC",
    "Name": "__/CustomActivatableEquipment.Gear_MASC.Name/__",
    "Details": "__/CustomActivatableEquipment.Gear_MASC.Details/__",
    "Icon": "uixSvgIcon_equipment_Gyro"
  },
  "BonusValueA": "MASC",
  "BonusValueB": "",
  "ComponentType": "Upgrade",
  "ComponentSubType": "NotSet",
  "PrefabIdentifier": "",
  "BattleValue": 0,
  "InventorySize": 5,
  "Tonnage": 5,
  "AllowedLocations": "Torso",
  "DisallowedLocations": "All",
  "CriticalComponent": false,
  "statusEffects": [],
  "ComponentTags": {
    "items": [
      "component_type_variant",
      "component_type_variant1",
      "cae_ai_speed"
    ],
    "tagSetSourceFile": ""
  }
}