{
  "Custom": {
    "ActivatableComponent": {
      "ButtonName": "CoreProtect",
      "ExplodeOnDamage": true,
      "ActiveByDefault": true,
      "CanNotBeActivatedManualy": false,
      "Explosion": {
        "VFXActorStat": "EngineExplodeVFX",
        "RangeActorStat": "EngineExplodeRange",
        "DamageActorStat": "EngineExplodeDamage",
        "HeatActorStat": "EngineExplodeHeat",
        "StabilityActorStat": "EngineExplodeStability",
        "ChanceActorStat": "EngineExplodeChance",
        "statusEffectsCollectionActorStat": "EngineExplodeStatusEffects",
        "statusEffectsCollectionName": "WeakEngineExplosion",
        "statusEffects": [
          {
            "durationData": {
              "duration": 2,
              "ticksOnActivations": true,
              "useActivationsOfTarget": true,
              "ticksOnEndOfRound": false,
              "ticksOnMovements": false,
              "stackLimit": 2,
              "clearedWhenAttacked": false
            },
            "targetingData": {
              "effectTriggerType": "OnHit",
              "triggerLimit": 2,
              "extendDurationOnTrigger": 1,
              "specialRules": "NotSet",
              "effectTargetType": "NotSet",
              "range": 0,
              "forcePathRebuild": false,
              "forceVisRebuild": true,
              "showInTargetPreview": true,
              "showInStatusPanel": true
            },
            "effectType": "StatisticEffect",
            "Description": {
              "Id": "DesignMaskRadiation",
              "Name": "__/CustomActivatableEquipment.Gear_EngineType.DesignMaskRadiation.Expl0.Name/__",
              "Details": "__/CustomActivatableEquipment.Gear_EngineType.DesignMaskRadiation.Expl0.Details/__",
              "Icon": "uixSvgIcon_designMask_mineral"
            },
            "nature": "Debuff",
            "statisticData": {
              "appliesEachTick": false,
              "effectsPersistAfterDestruction": false,
              "statName": "EndMoveHeat",
              "operation": "Int_Add",
              "modValue": "10",
              "modType": "System.Int32",
              "additionalRules": "NotSet",
              "targetCollection": "NotSet",
              "targetWeaponCategory": "NotSet",
              "targetWeaponType": "NotSet",
              "targetAmmoCategory": "NotSet",
              "targetWeaponSubType": "NotSet"
            },
            "tagData": null,
            "floatieData": null,
            "actorBurningData": null,
            "vfxData": null,
            "instantModData": null,
            "poorlyMaintainedEffectData": null
          }
        ]
      },
      "statusEffects": [
        {
          "durationData": {
            "duration": -1,
            "ticksOnActivations": false,
            "useActivationsOfTarget": false,
            "ticksOnEndOfRound": false,
            "ticksOnMovements": false,
            "stackLimit": -1,
            "clearedWhenAttacked": false
          },
          "targetingData": {
            "effectTriggerType": "Passive",
            "triggerLimit": 0,
            "extendDurationOnTrigger": 0,
            "specialRules": "NotSet",
            "effectTargetType": "Creator",
            "range": 0,
            "forcePathRebuild": false,
            "forceVisRebuild": false,
            "showInTargetPreview": false,
            "showInStatusPanel": true
          },
          "effectType": "StatisticEffect",
          "Description": {
            "Id": "StatusEffect-CoreProtectVFX",
            "Name": "__/CustomActivatableEquipment.Gear_EngineType.StatusEffect-CoreProtectVFX.CAE0.Name/__",
            "Details": "__/CustomActivatableEquipment.Gear_EngineType.StatusEffect-CoreProtectVFX.CAE0.Details/__",
            "Icon": "uixSvgIcon_equipment_Cockpit"
          },
          "nature": "Buff",
          "statisticData": {
            "appliesEachTick": false,
            "effectsPersistAfterDestruction": true,
            "statName": "EngineExplodeVFX",
            "operation": "Set",
            "modValue": "vfxPrfPrtl_artilleryImpact_single",
            "modType": "System.String",
            "additionalRules": "NotSet",
            "targetCollection": "NotSet",
            "targetWeaponCategory": "NotSet",
            "targetWeaponType": "NotSet",
            "targetAmmoCategory": "NotSet",
            "targetWeaponSubType": "NotSet"
          },
          "tagData": null,
          "floatieData": null,
          "actorBurningData": null,
          "vfxData": null,
          "instantModData": null,
          "poorlyMaintainedEffectData": null
        },
        {
          "durationData": {
            "duration": -1,
            "ticksOnActivations": false,
            "useActivationsOfTarget": false,
            "ticksOnEndOfRound": false,
            "ticksOnMovements": false,
            "stackLimit": -1,
            "clearedWhenAttacked": false
          },
          "targetingData": {
            "effectTriggerType": "Passive",
            "triggerLimit": 0,
            "extendDurationOnTrigger": 0,
            "specialRules": "NotSet",
            "effectTargetType": "Creator",
            "range": 0,
            "forcePathRebuild": false,
            "forceVisRebuild": false,
            "showInTargetPreview": false,
            "showInStatusPanel": true
          },
          "effectType": "StatisticEffect",
          "Description": {
            "Id": "StatusEffect-CoreProtectDamage",
            "Name": "__/CustomActivatableEquipment.Gear_EngineType.StatusEffect-CoreProtectDamage.CAE1.Name/__",
            "Details": "__/CustomActivatableEquipment.Gear_EngineType.StatusEffect-CoreProtectDamage.CAE1.Details/__",
            "Icon": "uixSvgIcon_equipment_Cockpit"
          },
          "nature": "Buff",
          "statisticData": {
            "appliesEachTick": false,
            "effectsPersistAfterDestruction": true,
            "statName": "EngineExplodeDamage",
            "operation": "Float_Multiply",
            "modValue": "0.05",
            "modType": "System.Single",
            "additionalRules": "NotSet",
            "targetCollection": "NotSet",
            "targetWeaponCategory": "NotSet",
            "targetWeaponType": "NotSet",
            "targetAmmoCategory": "NotSet",
            "targetWeaponSubType": "NotSet"
          },
          "tagData": null,
          "floatieData": null,
          "actorBurningData": null,
          "vfxData": null,
          "instantModData": null,
          "poorlyMaintainedEffectData": null
        },
        {
          "durationData": {
            "duration": -1,
            "ticksOnActivations": false,
            "useActivationsOfTarget": false,
            "ticksOnEndOfRound": false,
            "ticksOnMovements": false,
            "stackLimit": -1,
            "clearedWhenAttacked": false
          },
          "targetingData": {
            "effectTriggerType": "Passive",
            "triggerLimit": 0,
            "extendDurationOnTrigger": 0,
            "specialRules": "NotSet",
            "effectTargetType": "Creator",
            "range": 0,
            "forcePathRebuild": false,
            "forceVisRebuild": false,
            "showInTargetPreview": false,
            "showInStatusPanel": true
          },
          "effectType": "StatisticEffect",
          "Description": {
            "Id": "StatusEffect-CoreProtectStatusEffects",
            "Name": "__/CustomActivatableEquipment.Gear_EngineType.StatusEffect-CoreProtectStatusEffects.CAE2.Name/__",
            "Details": "__/CustomActivatableEquipment.Gear_EngineType.StatusEffect-CoreProtectStatusEffects.CAE2.Details/__",
            "Icon": "uixSvgIcon_equipment_Cockpit"
          },
          "nature": "Buff",
          "statisticData": {
            "appliesEachTick": false,
            "effectsPersistAfterDestruction": true,
            "statName": "EngineExplodeStatusEffects",
            "operation": "Set",
            "modValue": "WeakEngineExplosion",
            "modType": "System.String",
            "additionalRules": "NotSet",
            "targetCollection": "NotSet",
            "targetWeaponCategory": "NotSet",
            "targetWeaponType": "NotSet",
            "targetAmmoCategory": "NotSet",
            "targetWeaponSubType": "NotSet"
          },
          "tagData": null,
          "floatieData": null,
          "actorBurningData": null,
          "vfxData": null,
          "instantModData": null,
          "poorlyMaintainedEffectData": null
        }
      ]
    }
  },
  "StatName": null,
  "RelativeModifier": 0,
  "AbsoluteModifier": 0,
  "Description": {
    "Cost": 20000,
    "Rarity": 1,
    "Purchasable": true,
    "Manufacturer": "Coventry",
    "Model": "IS A",
    "UIName": "__/CustomActivatableEquipment.Gear_EngineType.UIName/__",
    "Id": "Gear_EngineType",
    "Name": "__/CustomActivatableEquipment.Gear_EngineType.Name/__",
    "Details": "__/CustomActivatableEquipment.Gear_EngineType.Details/__",
    "Icon": "uixSvgIcon_equipment_Gyro"
  },
  "BonusValueA": "",
  "BonusValueB": "",
  "ComponentType": "Upgrade",
  "ComponentSubType": "NotSet",
  "PrefabIdentifier": "",
  "BattleValue": 0,
  "InventorySize": 1,
  "Tonnage": 1,
  "AllowedLocations": "CenterTorso",
  "DisallowedLocations": "All",
  "CriticalComponent": false,
  "statusEffects": [],
  "ComponentTags": {
    "items": [
      "component_type_variant",
      "component_type_variant1",
      "cae_ai_speed"
    ],
    "tagSetSourceFile": ""
  }
}