{
  "Custom": {
    "ActivatableComponent": {
      "ButtonName": "CoreExplode",
      "AlwaysFail": true,
      "FailISDamage": 500,
      "FailDamageLocations": [
        "CenterTorso"
      ],
      "SelfCrit": true,
      "ExplodeOnDamage": true,
      "CanNotBeActivatedManualy": false,
      "EjectOnActivationTry": true,
      "Explosion": {
        "Chance": 1,
        "Range": 90,
        "Damage": 3000,
        "Heat": 20,
        "Stability": 20,
        "VFX": "WFX_Nuke",
        "FireTerrainChance": 0.6,
        "FireTerrainStrength": 40,
        "FireDurationWithoutForest": 0,
        "FireTerrainCellRadius": 6,
        "TempDesignMaskCellRadius": 12,
        "TempDesignMaskTurns": 999,
        "TempDesignMask": "DesignMaskRadiation",
        "VFXActorStat": "EngineExplodeVFX",
        "RangeActorStat": "EngineExplodeRange",
        "DamageActorStat": "EngineExplodeDamage",
        "HeatActorStat": "EngineExplodeHeat",
        "StabilityActorStat": "EngineExplodeStability",
        "ChanceActorStat": "EngineExplodeChance",
        "statusEffectsCollection": "NuclearExplosion",
        "statusEffectsCollectionActorStat": "EngineExplodeStatusEffects",
        "statusEffectsCollectionName": "NuclearExplosion",
        "statusEffects": [
          {
            "durationData": {
              "duration": 1,
              "ticksOnActivations": true,
              "useActivationsOfTarget": true,
              "ticksOnEndOfRound": false,
              "ticksOnMovements": false,
              "stackLimit": 1,
              "clearedWhenAttacked": false
            },
            "targetingData": {
              "effectTriggerType": "OnHit",
              "triggerLimit": 0,
              "extendDurationOnTrigger": 1,
              "specialRules": "NotSet",
              "effectTargetType": "NotSet",
              "range": 0,
              "forcePathRebuild": false,
              "forceVisRebuild": false,
              "showInTargetPreview": true,
              "showInStatusPanel": true
            },
            "effectType": "StatisticEffect",
            "Description": {
              "Id": "Effect_MortarAttackInitiativeReduced",
              "Name": "__/CustomActivatableEquipment.Gear_EngineCore.Effect_MortarAttackInitiativeReduced.Expl0.Name/__",
              "Details": "__/CustomActivatableEquipment.Gear_EngineCore.Effect_MortarAttackInitiativeReduced.Expl0.Details/__",
              "Icon": "uixSvgIcon_ability_mastertactician"
            },
            "nature": "Debuff",
            "statisticData": {
              "appliesEachTick": false,
              "effectsPersistAfterDestruction": false,
              "statName": "BaseInitiative",
              "operation": "Int_Add",
              "modValue": "2",
              "modType": "System.Int32",
              "additionalRules": "NotSet",
              "targetCollection": "NotSet",
              "targetWeaponCategory": "NotSet",
              "targetWeaponType": "NotSet",
              "targetAmmoCategory": "NotSet",
              "targetWeaponSubType": "NotSet"
            },
            "tagData": null,
            "floatieData": null,
            "actorBurningData": null,
            "vfxData": null,
            "instantModData": null,
            "poorlyMaintainedEffectData": null
          },
          {
            "durationData": {
              "duration": 2,
              "ticksOnActivations": true,
              "useActivationsOfTarget": true,
              "ticksOnEndOfRound": false,
              "ticksOnMovements": false,
              "stackLimit": 1,
              "clearedWhenAttacked": false
            },
            "targetingData": {
              "effectTriggerType": "OnHit",
              "triggerLimit": 0,
              "extendDurationOnTrigger": 1,
              "specialRules": "NotSet",
              "effectTargetType": "NotSet",
              "range": 0,
              "forcePathRebuild": false,
              "forceVisRebuild": false,
              "showInTargetPreview": true,
              "showInStatusPanel": true
            },
            "effectType": "StatisticEffect",
            "Description": {
              "Id": "Effect_MortarAttackAccuracyReduced",
              "Name": "__/CustomActivatableEquipment.Gear_EngineCore.Effect_MortarAttackAccuracyReduced.Expl1.Name/__",
              "Details": "__/CustomActivatableEquipment.Gear_EngineCore.Effect_MortarAttackAccuracyReduced.Expl1.Details/__",
              "Icon": "uixSvgIcon_status_sensorsImpaired"
            },
            "nature": "Debuff",
            "statisticData": {
              "appliesEachTick": false,
              "effectsPersistAfterDestruction": false,
              "statName": "AccuracyModifier",
              "operation": "Float_Add",
              "modValue": "4.0",
              "modType": "System.Single",
              "additionalRules": "NotSet",
              "targetCollection": "NotSet",
              "targetWeaponCategory": "NotSet",
              "targetWeaponType": "NotSet",
              "targetAmmoCategory": "NotSet",
              "targetWeaponSubType": "NotSet"
            },
            "tagData": null,
            "floatieData": null,
            "actorBurningData": null,
            "vfxData": null,
            "instantModData": null,
            "poorlyMaintainedEffectData": null
          },
          {
            "durationData": {
              "duration": 2,
              "ticksOnActivations": true,
              "useActivationsOfTarget": true,
              "ticksOnEndOfRound": false,
              "ticksOnMovements": false,
              "stackLimit": 2,
              "clearedWhenAttacked": false
            },
            "targetingData": {
              "effectTriggerType": "OnHit",
              "triggerLimit": 2,
              "extendDurationOnTrigger": 1,
              "specialRules": "NotSet",
              "effectTargetType": "NotSet",
              "range": 0,
              "forcePathRebuild": false,
              "forceVisRebuild": true,
              "showInTargetPreview": true,
              "showInStatusPanel": true
            },
            "effectType": "StatisticEffect",
            "Description": {
              "Id": "DesignMaskRadiation",
              "Name": "__/CustomActivatableEquipment.Gear_EngineCore.DesignMaskRadiation.Expl2.Name/__",
              "Details": "__/CustomActivatableEquipment.Gear_EngineCore.DesignMaskRadiation.Expl2.Details/__",
              "Icon": "uixSvgIcon_designMask_mineral"
            },
            "nature": "Debuff",
            "statisticData": {
              "appliesEachTick": false,
              "effectsPersistAfterDestruction": false,
              "statName": "EndMoveHeat",
              "operation": "Int_Add",
              "modValue": "10",
              "modType": "System.Int32",
              "additionalRules": "NotSet",
              "targetCollection": "NotSet",
              "targetWeaponCategory": "NotSet",
              "targetWeaponType": "NotSet",
              "targetAmmoCategory": "NotSet",
              "targetWeaponSubType": "NotSet"
            },
            "tagData": null,
            "floatieData": null,
            "actorBurningData": null,
            "vfxData": null,
            "instantModData": null,
            "poorlyMaintainedEffectData": null
          }
        ]
      },
      "statusEffects": []
    }
  },
  "StatName": null,
  "RelativeModifier": 0,
  "AbsoluteModifier": 0,
  "Description": {
    "Cost": 20000,
    "Rarity": 1,
    "Purchasable": true,
    "Manufacturer": "Coventry",
    "Model": "IS A",
    "UIName": "__/CustomActivatableEquipment.Gear_EngineCore.UIName/__",
    "Id": "Gear_EngineCore",
    "Name": "__/CustomActivatableEquipment.Gear_EngineCore.Name/__",
    "Details": "__/CustomActivatableEquipment.Gear_EngineCore.Details/__",
    "Icon": "uixSvgIcon_equipment_Gyro"
  },
  "BonusValueA": "",
  "BonusValueB": "",
  "ComponentType": "Upgrade",
  "ComponentSubType": "NotSet",
  "PrefabIdentifier": "",
  "BattleValue": 0,
  "InventorySize": 1,
  "Tonnage": 1,
  "AllowedLocations": "CenterTorso",
  "DisallowedLocations": "All",
  "CriticalComponent": false,
  "statusEffects": [],
  "ComponentTags": {
    "items": [
      "component_type_variant",
      "component_type_variant1",
      "cae_ai_speed"
    ],
    "tagSetSourceFile": ""
  }
}