{
  "StatName": null,
  "RelativeModifier": 0,
  "AbsoluteModifier": 0,
  "Description": {
    "Cost": 940000,
    "Rarity": 99,
    "Purchasable": false,
    "Manufacturer": "Lucius",
    "Model": "T-80",
    "UIName": "__/CustomActivatableEquipment.Gear_Cockpit_CPU.UIName/__",
    "Id": "Gear_Cockpit_CPU",
    "Name": "__/CustomActivatableEquipment.Gear_Cockpit_CPU.Name/__",
    "Details": "__/CustomActivatableEquipment.Gear_Cockpit_CPU.Details/__",
    "Icon": "uixSvgIcon_special_Equipment"
  },
  "BonusValueA": "+2 Инициатива.+Пилот Ас.+4 Храбрость",
  "BonusValueB": "+120м радиус сенсоров.+Бастион",
  "ComponentType": "Upgrade",
  "ComponentSubType": "NotSet",
  "PrefabIdentifier": "",
  "BattleValue": 0,
  "InventorySize": 1,
  "Tonnage": 0,
  "AllowedLocations": "Head",
  "DisallowedLocations": "All",
  "CriticalComponent": false,
  "statusEffects": [
    {
      "durationData": {
        "duration": -1,
        "ticksOnActivations": false,
        "useActivationsOfTarget": false,
        "ticksOnEndOfRound": false,
        "ticksOnMovements": false,
        "stackLimit": 1,
        "clearedWhenAttacked": false
      },
      "targetingData": {
        "effectTriggerType": "Passive",
        "triggerLimit": 0,
        "extendDurationOnTrigger": 0,
        "specialRules": "NotSet",
        "effectTargetType": "Creator",
        "range": 0,
        "forcePathRebuild": false,
        "forceVisRebuild": false,
        "showInTargetPreview": false,
        "showInStatusPanel": true
      },
      "effectType": "StatisticEffect",
      "Description": {
        "Id": "StatusEffect-Initiative-CPU",
        "Name": "__/CustomActivatableEquipment.Gear_Cockpit_CPU.StatusEffect-Initiative-CPU.effect0.Name/__",
        "Details": "__/CustomActivatableEquipment.Gear_Cockpit_CPU.StatusEffect-Initiative-CPU.effect0.Details/__",
        "Icon": "uixSvgIcon_equipment_Cockpit"
      },
      "nature": "Buff",
      "statisticData": {
        "appliesEachTick": false,
        "effectsPersistAfterDestruction": false,
        "statName": "BaseInitiative",
        "operation": "Int_Add",
        "modValue": "-2",
        "modType": "System.Int32",
        "additionalRules": "NotSet",
        "targetCollection": "NotSet",
        "targetWeaponCategory": "NotSet",
        "targetWeaponType": "NotSet",
        "targetAmmoCategory": "NotSet",
        "targetWeaponSubType": "NotSet"
      },
      "tagData": null,
      "floatieData": null,
      "actorBurningData": null,
      "vfxData": null,
      "instantModData": null,
      "poorlyMaintainedEffectData": null
    },
    {
      "durationData": {
        "duration": -1,
        "ticksOnActivations": false,
        "useActivationsOfTarget": false,
        "ticksOnEndOfRound": false,
        "ticksOnMovements": false,
        "stackLimit": 1,
        "clearedWhenAttacked": false
      },
      "targetingData": {
        "effectTriggerType": "Passive",
        "triggerLimit": 0,
        "extendDurationOnTrigger": 0,
        "specialRules": "NotSet",
        "effectTargetType": "Creator",
        "range": 0,
        "forcePathRebuild": false,
        "forceVisRebuild": false,
        "showInTargetPreview": false,
        "showInStatusPanel": true
      },
      "effectType": "StatisticEffect",
      "Description": {
        "Id": "StatusEffect-AcePilot-CPU",
        "Name": "__/CustomActivatableEquipment.Gear_Cockpit_CPU.StatusEffect-AcePilot-CPU.effect1.Name/__",
        "Details": "__/CustomActivatableEquipment.Gear_Cockpit_CPU.StatusEffect-AcePilot-CPU.effect1.Details/__",
        "Icon": "uixSvgIcon_equipment_Cockpit"
      },
      "nature": "Buff",
      "statisticData": {
        "appliesEachTick": false,
        "effectsPersistAfterDestruction": false,
        "statName": "CanMoveAfterShooting",
        "operation": "Set",
        "modValue": "true",
        "modType": "System.Boolean",
        "additionalRules": "NotSet",
        "targetCollection": "NotSet",
        "targetWeaponCategory": "NotSet",
        "targetWeaponType": "NotSet",
        "targetAmmoCategory": "NotSet",
        "targetWeaponSubType": "NotSet"
      },
      "tagData": null,
      "floatieData": null,
      "actorBurningData": null,
      "vfxData": null,
      "instantModData": null,
      "poorlyMaintainedEffectData": null
    },
    {
      "durationData": {
        "duration": -1,
        "ticksOnActivations": false,
        "useActivationsOfTarget": false,
        "ticksOnEndOfRound": false,
        "ticksOnMovements": false,
        "stackLimit": 1,
        "clearedWhenAttacked": false
      },
      "targetingData": {
        "effectTriggerType": "Passive",
        "triggerLimit": 0,
        "extendDurationOnTrigger": 0,
        "specialRules": "NotSet",
        "effectTargetType": "Creator",
        "range": 0,
        "forcePathRebuild": false,
        "forceVisRebuild": false,
        "showInTargetPreview": false,
        "showInStatusPanel": true
      },
      "effectType": "StatisticEffect",
      "Description": {
        "Id": "StatusEffect-Bulwark-CPU",
        "Name": "__/CustomActivatableEquipment.Gear_Cockpit_CPU.StatusEffect-Bulwark-CPU.effect2.Name/__",
        "Details": "__/CustomActivatableEquipment.Gear_Cockpit_CPU.StatusEffect-Bulwark-CPU.effect2.Details/__",
        "Icon": "uixSvgIcon_equipment_Cockpit"
      },
      "nature": "Buff",
      "statisticData": {
        "appliesEachTick": false,
        "effectsPersistAfterDestruction": false,
        "statName": "GuardedIsUpgraded",
        "operation": "Set",
        "modValue": "true",
        "modType": "System.Boolean",
        "additionalRules": "NotSet",
        "targetCollection": "NotSet",
        "targetWeaponCategory": "NotSet",
        "targetWeaponType": "NotSet",
        "targetAmmoCategory": "NotSet",
        "targetWeaponSubType": "NotSet"
      },
      "tagData": null,
      "floatieData": null,
      "actorBurningData": null,
      "vfxData": null,
      "instantModData": null,
      "poorlyMaintainedEffectData": null
    },
    {
      "durationData": {
        "duration": -1,
        "ticksOnActivations": false,
        "useActivationsOfTarget": false,
        "ticksOnEndOfRound": false,
        "ticksOnMovements": false,
        "stackLimit": -1,
        "clearedWhenAttacked": false
      },
      "targetingData": {
        "effectTriggerType": "Passive",
        "triggerLimit": 0,
        "extendDurationOnTrigger": 0,
        "specialRules": "NotSet",
        "effectTargetType": "Creator",
        "range": 0,
        "forcePathRebuild": false,
        "forceVisRebuild": false,
        "showInTargetPreview": false,
        "showInStatusPanel": true
      },
      "effectType": "StatisticEffect",
      "Description": {
        "Id": "StatusEffect-Spotting_Gain-T3",
        "Name": "__/CustomActivatableEquipment.Gear_Cockpit_CPU.StatusEffect-Spotting_Gain-T3.effect3.Name/__",
        "Details": "__/CustomActivatableEquipment.Gear_Cockpit_CPU.StatusEffect-Spotting_Gain-T3.effect3.Details/__",
        "Icon": "uixSvgIcon_equipment_Cockpit"
      },
      "nature": "Buff",
      "statisticData": {
        "appliesEachTick": false,
        "effectsPersistAfterDestruction": false,
        "statName": "SpotterDistanceAbsolute",
        "operation": "Float_Add",
        "modValue": "120.0",
        "modType": "System.Single",
        "additionalRules": "NotSet",
        "targetCollection": "NotSet",
        "targetWeaponCategory": "NotSet",
        "targetWeaponType": "NotSet",
        "targetAmmoCategory": "NotSet",
        "targetWeaponSubType": "NotSet"
      },
      "tagData": null,
      "floatieData": null,
      "actorBurningData": null,
      "vfxData": null,
      "instantModData": null,
      "poorlyMaintainedEffectData": null
    },
    {
      "durationData": {
        "duration": -1,
        "ticksOnActivations": false,
        "useActivationsOfTarget": false,
        "ticksOnEndOfRound": false,
        "ticksOnMovements": false,
        "stackLimit": -1,
        "clearedWhenAttacked": false
      },
      "targetingData": {
        "effectTriggerType": "Passive",
        "triggerLimit": 0,
        "extendDurationOnTrigger": 0,
        "specialRules": "NotSet",
        "effectTargetType": "Creator",
        "range": 0,
        "forcePathRebuild": false,
        "forceVisRebuild": false,
        "showInTargetPreview": false,
        "showInStatusPanel": true
      },
      "effectType": "StatisticEffect",
      "Description": {
        "Id": "StatusEffect-Morale_Gain-T3",
        "Name": "__/CustomActivatableEquipment.Gear_Cockpit_CPU.StatusEffect-Morale_Gain-T3.effect4.Name/__",
        "Details": "__/CustomActivatableEquipment.Gear_Cockpit_CPU.StatusEffect-Morale_Gain-T3.effect4.Details/__",
        "Icon": "uixSvgIcon_equipment_Cockpit"
      },
      "nature": "Buff",
      "statisticData": {
        "appliesEachTick": false,
        "effectsPersistAfterDestruction": false,
        "statName": "MoraleBonusGain",
        "operation": "Int_Add",
        "modValue": "4",
        "modType": "System.Int32",
        "additionalRules": "NotSet",
        "targetCollection": "NotSet",
        "targetWeaponCategory": "NotSet",
        "targetWeaponType": "NotSet",
        "targetAmmoCategory": "NotSet",
        "targetWeaponSubType": "NotSet"
      },
      "tagData": null,
      "floatieData": null,
      "actorBurningData": null,
      "vfxData": null,
      "instantModData": null,
      "poorlyMaintainedEffectData": null
    }
  ],
  "ComponentTags": {
    "items": [
      "component_type_variant",
      "component_type_variant3"
    ],
    "tagSetSourceFile": ""
  }
}