{
  "Custom": {
    "ActivatableComponent": {
      "ButtonName": "TRG",
      "FailFlatChance": 0.0,
      "FailRoundsStart": 1,
      "FailChancePerTurn": 0.0,
      "FailISDamage": 0,
      "FailCrit": false,
      "MechTonnageWeightMult": 0,
      "MechTonnageSlotsMult": 0,
      "EngineTonnageWeightMult": 0,
      "EngineTonnageSlotsMult": 0,
      "FailPilotingBase": 0,
      "FailPilotingMult": 0.0,
      "DeactivationMessage": "SHORT RANGE",
      "ActivationMessage": "LONG RANGE",
      "CanNotBeActivatedManualy": false,
      "FailDamageLocations": [],
      "offlineStatusEffects": [
        {
          "durationData": {
            "duration": -1,
            "ticksOnActivations": false
          },
          "targetingData": {
            "effectTriggerType": "Passive",
            "effectTargetType": "Creator",
            "showInTargetPreview": true,
            "showInStatusPanel": true
          },
          "effectType": "StatisticEffect",
          "Description": {
            "Id": "TargetModuleLongRangeLRDebuff",
            "Name": "__/CustomActivatableEquipment.Gear_TargetModule.TargetModuleLongRangeLRDebuff.CAEOFF0.Name/__",
            "Details": "__/CustomActivatableEquipment.Gear_TargetModule.TargetModuleLongRangeLRDebuff.CAEOFF0.Details/__",
            "Icon": "uixSvgIcon_ability_coolantVent"
          },
          "statisticData": {
            "statName": "CACLongRangeAccuracyMod",
            "operation": "Set",
            "modValue": "10",
            "modType": "System.Single"
          },
          "nature": "Buff"
        }
      ],
      "statusEffects": [
        {
          "durationData": {
            "duration": -1,
            "ticksOnActivations": false
          },
          "targetingData": {
            "effectTriggerType": "Passive",
            "effectTargetType": "Creator",
            "showInTargetPreview": true,
            "showInStatusPanel": true
          },
          "effectType": "StatisticEffect",
          "Description": {
            "Id": "TargetModuleLongRangeMRDebuff",
            "Name": "__/CustomActivatableEquipment.Gear_TargetModule.TargetModuleLongRangeMRDebuff.CAE0.Name/__",
            "Details": "__/CustomActivatableEquipment.Gear_TargetModule.TargetModuleLongRangeMRDebuff.CAE0.Details/__",
            "Icon": "uixSvgIcon_ability_coolantVent"
          },
          "statisticData": {
            "statName": "CACMediumRangeAccuracyMod",
            "operation": "Set",
            "modValue": "10",
            "modType": "System.Single"
          },
          "nature": "Buff"
        },
        {
          "durationData": {
            "duration": -1,
            "ticksOnActivations": false
          },
          "targetingData": {
            "effectTriggerType": "Passive",
            "effectTargetType": "Creator",
            "showInTargetPreview": true,
            "showInStatusPanel": true
          },
          "effectType": "StatisticEffect",
          "Description": {
            "Id": "TargetModuleLongRangeSRDebuff",
            "Name": "__/CustomActivatableEquipment.Gear_TargetModule.TargetModuleLongRangeSRDebuff.CAE1.Name/__",
            "Details": "__/CustomActivatableEquipment.Gear_TargetModule.TargetModuleLongRangeSRDebuff.CAE1.Details/__",
            "Icon": "uixSvgIcon_ability_coolantVent"
          },
          "statisticData": {
            "statName": "CACShortRangeAccuracyMod",
            "operation": "Set",
            "modValue": "10",
            "modType": "System.Single"
          },
          "nature": "Buff"
        },
        {
          "durationData": {
            "duration": -1,
            "ticksOnActivations": false
          },
          "targetingData": {
            "effectTriggerType": "Passive",
            "effectTargetType": "Creator",
            "showInTargetPreview": true,
            "showInStatusPanel": true
          },
          "effectType": "StatisticEffect",
          "Description": {
            "Id": "TargetModuleLongRangeLRBuff",
            "Name": "__/CustomActivatableEquipment.Gear_TargetModule.TargetModuleLongRangeLRBuff.CAE2.Name/__",
            "Details": "__/CustomActivatableEquipment.Gear_TargetModule.TargetModuleLongRangeLRBuff.CAE2.Details/__",
            "Icon": "uixSvgIcon_ability_coolantVent"
          },
          "statisticData": {
            "statName": "CACLongRangeAccuracyMod",
            "operation": "Set",
            "modValue": "-10",
            "modType": "System.Single"
          },
          "nature": "Buff"
        }
      ]
    }
  },
  "StatName": null,
  "RelativeModifier": 0,
  "AbsoluteModifier": 0,
  "Description": {
    "Cost": 20000,
    "Rarity": 1,
    "Purchasable": true,
    "Manufacturer": "Coventry",
    "Model": "Generic",
    "UIName": "__/CustomActivatableEquipment.Gear_TargetModule.UIName/__",
    "Id": "Gear_TargetModule",
    "Name": "__/CustomActivatableEquipment.Gear_TargetModule.Name/__",
    "Details": "__/CustomActivatableEquipment.Gear_TargetModule.Details/__",
    "Icon": "uixSvgIcon_ability_coolantVent"
  },
  "BonusValueA": "",
  "BonusValueB": "",
  "ComponentType": "Upgrade",
  "ComponentSubType": "NotSet",
  "PrefabIdentifier": "",
  "BattleValue": 0,
  "InventorySize": 1,
  "Tonnage": 1,
  "AllowedLocations": "All",
  "DisallowedLocations": "All",
  "CriticalComponent": false,
  "statusEffects": [],
  "ComponentTags": {
    "items": [
      "component_type_variant",
      "component_type_variant1"
    ],
    "tagSetSourceFile": ""
  }
}