{
  "Custom": {
    "Category": [
      {
        "CategoryID": "Activatable"
      },
      {
        "CategoryID": "TSM"
      }
    ],
    "ActivatableComponent": {
      "ButtonName": "TSM",
      "FailFlatChance": 0.0,
      "FailRoundsStart": 1,
      "FailChancePerTurn": 0.0,
      "FailISDamage": 0,
      "FailCrit": false,
      "MechTonnageWeightMult": 0,
      "MechTonnageSlotsMult": 0,
      "EngineTonnageWeightMult": 0,
      "EngineTonnageSlotsMult": 0,
      "FailPilotingBase": 0,
      "FailPilotingMult": 0.0,
      "AutoActivateOnHeat": 40,
      "AutoDeactivateOnHeat": 30,
      "CanNotBectivatedManualy": true,
      "FailDamageLocations": [],
      "statusEffects": [
        {
          "durationData": {
            "duration": -1,
            "ticksOnActivations": false,
            "useActivationsOfTarget": false,
            "ticksOnEndOfRound": false,
            "ticksOnMovements": false,
            "stackLimit": -1,
            "clearedWhenAttacked": false
          },
          "targetingData": {
            "effectTriggerType": "Passive",
            "triggerLimit": 0,
            "extendDurationOnTrigger": 0,
            "specialRules": "NotSet",
            "effectTargetType": "Creator",
            "range": 0,
            "forcePathRebuild": false,
            "forceVisRebuild": false,
            "showInTargetPreview": false,
            "showInStatusPanel": true
          },
          "effectType": "StatisticEffect",
          "Description": {
            "Id": "StatusEffect-MeleeWeapon-TSM",
            "Name": "__/CustomActivatableEquipment.Gear_TSM.StatusEffect-MeleeWeapon-TSM.CAE0.Name/__",
            "Details": "__/CustomActivatableEquipment.Gear_TSM.StatusEffect-MeleeWeapon-TSM.CAE0.Details/__",
            "Icon": "uixSvgIcon_equipment_Gyro"
          },
          "nature": "Buff",
          "statisticData": {
            "appliesEachTick": false,
            "effectsPersistAfterDestruction": false,
            "statName": "DamagePerShot",
            "operation": "Float_Multiply",
            "modValue": "2.0",
            "modType": "System.Single",
            "additionalRules": "NotSet",
            "targetCollection": "Weapon",
            "targetWeaponCategory": "NotSet",
            "targetWeaponType": "NotSet",
            "targetAmmoCategory": "NotSet",
            "targetWeaponSubType": "Melee"
          },
          "tagData": null,
          "floatieData": null,
          "actorBurningData": null,
          "vfxData": null,
          "instantModData": null,
          "poorlyMaintainedEffectData": null
        },
        {
          "durationData": {
            "duration": -1,
            "ticksOnActivations": false,
            "useActivationsOfTarget": false,
            "ticksOnEndOfRound": false,
            "ticksOnMovements": false,
            "stackLimit": -1,
            "clearedWhenAttacked": false
          },
          "targetingData": {
            "effectTriggerType": "Passive",
            "triggerLimit": 0,
            "extendDurationOnTrigger": 0,
            "specialRules": "NotSet",
            "effectTargetType": "Creator",
            "range": 0,
            "forcePathRebuild": true,
            "forceVisRebuild": false,
            "showInTargetPreview": false,
            "showInStatusPanel": true
          },
          "effectType": "StatisticEffect",
          "Description": {
            "Id": "StatusEffect-TSM-WalkSpeedDouble",
            "Name": "__/CustomActivatableEquipment.Gear_TSM.StatusEffect-TSM-WalkSpeedDouble.CAE1.Name/__",
            "Details": "__/CustomActivatableEquipment.Gear_TSM.StatusEffect-TSM-WalkSpeedDouble.CAE1.Details/__",
            "Icon": "uixSvgIcon_equipment_Gyro"
          },
          "nature": "Buff",
          "statisticData": {
            "appliesEachTick": false,
            "effectsPersistAfterDestruction": false,
            "statName": "WalkSpeed",
            "operation": "Float_Multiply",
            "modValue": "2.0",
            "modType": "System.Single",
            "additionalRules": "NotSet",
            "targetCollection": "NotSet",
            "targetWeaponCategory": "NotSet",
            "targetWeaponType": "NotSet",
            "targetAmmoCategory": "NotSet",
            "targetWeaponSubType": "NotSet"
          },
          "tagData": null,
          "floatieData": null,
          "actorBurningData": null,
          "vfxData": null,
          "instantModData": null,
          "poorlyMaintainedEffectData": null
        },
        {
          "durationData": {
            "duration": -1,
            "ticksOnActivations": false,
            "useActivationsOfTarget": false,
            "ticksOnEndOfRound": false,
            "ticksOnMovements": false,
            "stackLimit": -1,
            "clearedWhenAttacked": false
          },
          "targetingData": {
            "effectTriggerType": "Passive",
            "triggerLimit": 0,
            "extendDurationOnTrigger": 0,
            "specialRules": "NotSet",
            "effectTargetType": "Creator",
            "range": 0,
            "forcePathRebuild": true,
            "forceVisRebuild": false,
            "showInTargetPreview": false,
            "showInStatusPanel": true
          },
          "effectType": "StatisticEffect",
          "Description": {
            "Id": "StatusEffect-TSM-RunSpeedDouble",
            "Name": "__/CustomActivatableEquipment.Gear_TSM.StatusEffect-TSM-RunSpeedDouble.CAE2.Name/__",
            "Details": "__/CustomActivatableEquipment.Gear_TSM.StatusEffect-TSM-RunSpeedDouble.CAE2.Details/__",
            "Icon": "uixSvgIcon_equipment_Gyro"
          },
          "nature": "Buff",
          "statisticData": {
            "appliesEachTick": false,
            "effectsPersistAfterDestruction": false,
            "statName": "RunSpeed",
            "operation": "Float_Multiply",
            "modValue": "2.0",
            "modType": "System.Single",
            "additionalRules": "NotSet",
            "targetCollection": "NotSet",
            "targetWeaponCategory": "NotSet",
            "targetWeaponType": "NotSet",
            "targetAmmoCategory": "NotSet",
            "targetWeaponSubType": "NotSet"
          },
          "tagData": null,
          "floatieData": null,
          "actorBurningData": null,
          "vfxData": null,
          "instantModData": null,
          "poorlyMaintainedEffectData": null
        }
      ]
    }
  },
  "StatName": null,
  "RelativeModifier": 0,
  "AbsoluteModifier": 0,
  "Description": {
    "Cost": 20000,
    "Rarity": 1,
    "Purchasable": true,
    "Manufacturer": "Coventry",
    "Model": "IS",
    "UIName": "__/CustomActivatableEquipment.Gear_TSM.UIName/__",
    "Id": "Gear_TSM",
    "Name": "__/CustomActivatableEquipment.Gear_TSM.Name/__",
    "Details": "__/CustomActivatableEquipment.Gear_TSM.Details/__",
    "Icon": "uixSvgIcon_equipment_Gyro"
  },
  "BonusValueA": "TSM",
  "BonusValueB": "",
  "ComponentType": "Upgrade",
  "ComponentSubType": "NotSet",
  "PrefabIdentifier": "",
  "BattleValue": 0,
  "InventorySize": 2,
  "Tonnage": 0,
  "AllowedLocations": "Torso",
  "DisallowedLocations": "All",
  "CriticalComponent": false,
  "statusEffects": [],
  "ComponentTags": {
    "items": [
      "component_type_variant",
      "component_type_variant1"
    ],
    "tagSetSourceFile": ""
  }
}