[
  {
    "FileName": "",
    "Name": "CAC.MissingAmmo",
    "Localization": {
      "CULTURE_RU_RU": "ОТСУСТВУЮТ БОЕПРИПАСЫ: У данного меха отсуствуют работоспособные бункеры с боеприпасом для {0}"
    }
  },
  {
    "FileName": "",
    "Name": "CAC.ExtraAmmo",
    "Localization": {
      "CULTURE_RU_RU": "ЛИШНИЕ БОЕПРИПАСЫ: Данный мех несет боеприпасы {0} которые не используются ни одним орудием"
    }
  },
  {
    "FileName": "",
    "Name": "CAC.CRIT",
    "Localization": {
      "CULTURE_RU_RU": "{0} КРИТИЧЕСКОЕ ПОВРЕЖДЕНИЕ"
    }
  },
  {
    "FileName": "",
    "Name": "CAC.DESTROYED",
    "Localization": {
      "CULTURE_RU_RU": "{0} УНИЧТОЖЕН"
    }
  },
  {
    "FileName": "",
    "Name": "CAC.EXPLOSION",
    "Localization": {
      "CULTURE_RU_RU": "{0} ВЗРЫВ"
    }
  },
  {
    "FileName": "",
    "Name": "CAC.AMMOEJECTIONERROR",
    "Localization": {
      "CULTURE_RU_RU": "ОШИБКА СБРОСА БОЕКОМПЛЕКТА"
    }
  },
  {
    "FileName": "",
    "Name": "CAC.AMMOEJECTIONERRORNOAMMO",
    "Localization": {
      "CULTURE_RU_RU": "Это оружие не использует боеприпасы в этом режиме (или вообще)"
    }
  },
  {
    "FileName": "",
    "Name": "CAC.AMMOEJECTIONERRORMOVING",
    "Localization": {
      "CULTURE_RU_RU": "Нельзя сбросить боекомплект если юнит стрелял или передвигался в этом ходу"
    }
  },
  {
    "FileName": "",
    "Name": "CAC.AMMOJETTISONED",
    "Localization": {
      "CULTURE_RU_RU": "{0} БОЕКОМПЛЕКТ СБРОШЕН"
    }
  },
  {
    "FileName": "",
    "Name": "CAC.HEATFROMSTANDINGINFIRE",
    "Localization": {
      "CULTURE_RU_RU": "НАГРЕВ ОТ ПРЕБЫВАНИЯ В ОГНЕ"
    }
  },
  {
    "FileName": "",
    "Name": "CAC.DAMAGEFROMSTANDINGINFIRE",
    "Localization": {
      "CULTURE_RU_RU": "УРОН ОТ ПРЕБЫВАНИЯ В ОГНЕ"
    }
  },
  {
    "FileName": "",
    "Name": "CAC.MINEFIELDONTHEWAY",
    "Localization": {
      "CULTURE_RU_RU": "МИННОЕ ПОЛЕ НА ПУТИ"
    }
  },
  {
    "FileName": "",
    "Name": "CAC.FLAMESONTHEWAY",
    "Localization": {
      "CULTURE_RU_RU": "ПОЖАР НА ПУТИ"
    }
  },
  {
    "FileName": "",
    "Name": "CAC.JUMPTOMINEFIELD",
    "Localization": {
      "CULTURE_RU_RU": "ПРИЗЕМЛЕНИЕ В МИННОМ ПОЛЕ"
    }
  },
  {
    "FileName": "",
    "Name": "CAC.JUMPTOFLAMES",
    "Localization": {
      "CULTURE_RU_RU": "ПРИЗЕМЛЕНИЕ В ОГОНЬ"
    }
  },
  {
    "FileName": "",
    "Name": "CAC.AMMOBOXEXHAUSTED",
    "Localization": {
      "CULTURE_RU_RU": "КОРЗИНА С БОЕПРИПАСАМИ ДЛЯ {0} ПУСТА"
    }
  },
  {
    "FileName": "",
    "Name": "CAC.Jammed",
    "Localization": {
      "CULTURE_RU_RU": "Заклинило"
    }
  },
  {
    "FileName": "",
    "Name": "CAC.Destroyed",
    "Localization": {
      "CULTURE_RU_RU": "Уничтожено"
    }
  },
  {
    "FileName": "",
    "Name": "CAC.misfire",
    "Localization": {
      "CULTURE_RU_RU": "осечка"
    }
  },
  {
    "FileName": "",
    "Name": "CAC.Damaged",
    "Localization": {
      "CULTURE_RU_RU": "Повреждено"
    }
  },
  {
    "FileName": "",
    "Name": "CAC.Cooldown",
    "Localization": {
      "CULTURE_RU_RU": "Остывает"
    }
  },
  {
    "FileName": "",
    "Name": "CAC.Unjammed",
    "Localization": {
      "CULTURE_RU_RU": "Снова функционирует"
    }
  },
  {
    "FileName": "",
    "Name": "CAC.BURNDAMAGE",
    "Localization": {
      "CULTURE_RU_RU": "УРОН ОТ ПОЖАРА"
    }
  },
  {
    "FileName": "",
    "Name": "CAC.HEATFROMFIRE",
    "Localization": {
      "CULTURE_RU_RU": "+ {0} К НАГРЕВУ ОТ ПОЖАРА"
    }
  },
  {
    "FileName": "",
    "Name": "CAC.LANDMINESEXPLODES",
    "Localization": {
      "CULTURE_RU_RU": "МИН ВЗОРВАЛОСЬ:{0}"
    }
  },
  {
    "FileName": "",
    "Name": "CAC.HEATFROMLANDMINES",
    "Localization": {
      "CULTURE_RU_RU": "+ {0} К НАГРЕВУ ОТ МИН"
    }
  },
  {
    "FileName": "",
    "Name": "CAC.INSTABILITYFROMLANDMINES",
    "Localization": {
      "CULTURE_RU_RU": "+ {0} НЕСТАБИЛЬНОСТИ ОТ МИН"
    }
  },
  {
    "FileName": "",
    "Name": "CAC.MELEEATTACKINTERUPTED",
    "Localization": {
      "CULTURE_RU_RU": "РУКОПАШНАЯ АТАКА ПРЕРВАНА"
    }
  },
  {
    "FileName": "",
    "Name": "CAC.HEATFROMFIRE",
    "Localization": {
      "CULTURE_RU_RU": "+ {0} К НАГРЕВУ ОТ ПЛАМЕНИ"
    }
  },
  {
    "FileName": "",
    "Name": "CAC.EVADE",
    "Localization": {
      "CULTURE_RU_RU": "УКЛОНИЛСЯ"
    }
  },
  {
    "FileName": "",
    "Name": "CAC.MISS",
    "Localization": {
      "CULTURE_RU_RU": " {0:0}% ПРОМАХ!"
    }
  },
  {
    "FileName": "",
    "Name": "CAC.HEAT",
    "Localization": {
      "CULTURE_RU_RU": "+{0} К НАГРЕВУ"
    }
  },
  {
    "FileName": "",
    "Name": "CAC.FROMHITBYAMS",
    "Localization": {
      "CULTURE_RU_RU": "{0} ИЗ {1} СБИТО СПРО"
    }
  },
  {
    "FileName": "",
    "Name": "CAC.EMERGENCYREPAIRSCOMMENCING",
    "Localization": {
      "CULTURE_RU_RU": "ЗАДЕЙСТВОВАНА СИСТЕМА АВАРИЙНОГО РЕМОНТА"
    }
  },
  {
    "FileName": "",
    "Name": "CAC.MINEFIELD",
    "Localization": {
      "CULTURE_EN_US": "МИННОЕ ПОЛЕ"
    }
  },
  {
    "FileName": "",
    "Name": "CAC.FLAMES",
    "Localization": {
      "CULTURE_EN_US": "ПЛАМЯ"
    }
  }
]