{
	"Description" : {
		"Id" : "AbilityDefCAC_AttackGround",
		"Name" : "ATTACK GROUND",
		"Details" : "Using this ability you can shot ground instead of target.",
		"Icon" : "uixSvgIcon_artillery"
	},
	"ActivationTime" : "ConsumedByFiring",
	"Resource" : "ConsumesFiring",
	"ActivationCooldown" : 0,
	"ActivationETA" : 0,
	"specialRules" : "Artillery",
	"Targeting" : "CommandTargetSinglePoint",
	"FloatParam1" : 10.0,
	"WeaponResource" : "Weapon_Autocannon_AC20_0-STOCK",
    "StringParam1" : "vfxPrfPrtl_fireTerrain_smLoop",
    "IntParam1" : 1,
    "StringParam2" : "vfxPrfPrtl_buildingCollapseFiery_medium"
}
