[
  {
    "FileName": "",
    "Name": "CAC.MissingAmmo",
    "Localization": {
      "CULTURE_EN_US": "MISSING AMMO: This 'Mech does not have an undamaged Ammo Bin for {0}"
    }
  },
  {
    "FileName": "",
    "Name": "CAC.ExtraAmmo",
    "Localization": {
      "CULTURE_EN_US": "EXTRA AMMO: This 'Mech carries unusable {0} Ammo"
    }
  },
  {
    "FileName": "",
    "Name": "CAC.CRIT",
    "Localization": {
      "CULTURE_EN_US": "{0} CRIT"
    }
  },
  {
    "FileName": "",
    "Name": "CAC.DESTROYED",
    "Localization": {
      "CULTURE_EN_US": "{0} DESTROYED"
    }
  },
  {
    "FileName": "",
    "Name": "CAC.EXPLOSION",
    "Localization": {
      "CULTURE_EN_US": "{0} EXPLOSION"
    }
  },
  {
    "FileName": "",
    "Name": "CAC.AMMOEJECTIONERROR",
    "Localization": {
      "CULTURE_EN_US": "AMMO EJECTION ERROR"
    }
  },
  {
    "FileName": "",
    "Name": "CAC.AMMOEJECTIONERRORNOAMMO",
    "Localization": {
      "CULTURE_EN_US": "This weapon are not using ammo in this mode (or at all)"
    }
  },
  {
    "FileName": "",
    "Name": "CAC.AMMOEJECTIONERRORMOVING",
    "Localization": {
      "CULTURE_EN_US": "You can't eject ammo after moving or firing this round"
    }
  },
  {
    "FileName": "",
    "Name": "CAC.AMMOJETTISONED",
    "Localization": {
      "CULTURE_EN_US": "{0} AMMO JETTISONED"
    }
  },
  {
    "FileName": "",
    "Name": "CAC.HEATFROMSTANDINGINFIRE",
    "Localization": {
      "CULTURE_EN_US": "HEAT FROM STANDING IN FIRE"
    }
  },
  {
    "FileName": "",
    "Name": "CAC.DAMAGEFROMSTANDINGINFIRE",
    "Localization": {
      "CULTURE_EN_US": "DAMAGE FROM STANDING IN FIRE"
    }
  },
  {
    "FileName": "",
    "Name": "CAC.MINEFIELDONTHEWAY",
    "Localization": {
      "CULTURE_EN_US": "MINEFIELD ON THE WAY"
    }
  },
  {
    "FileName": "",
    "Name": "CAC.FLAMESONTHEWAY",
    "Localization": {
      "CULTURE_EN_US": "FLAMES ON THE WAY"
    }
  },
  {
    "FileName": "",
    "Name": "CAC.JUMPTOMINEFIELD",
    "Localization": {
      "CULTURE_EN_US": "JUMP TO MINEFIELD"
    }
  },
  {
    "FileName": "",
    "Name": "CAC.JUMPTOFLAMES",
    "Localization": {
      "CULTURE_EN_US": "JUMP TO FLAMES"
    }
  },
  {
    "FileName": "",
    "Name": "CAC.AMMOBOXEXHAUSTED",
    "Localization": {
      "CULTURE_EN_US": "AMMO BOX {0} EXHAUSTED"
    }
  },
  {
    "FileName": "",
    "Name": "CAC.Jammed",
    "Localization": {
      "CULTURE_EN_US": "Jammed"
    }
  },
  {
    "FileName": "",
    "Name": "CAC.Destroyed",
    "Localization": {
      "CULTURE_EN_US": "Destroyed"
    }
  },
  {
    "FileName": "",
    "Name": "CAC.misfire",
    "Localization": {
      "CULTURE_EN_US": "misfire"
    }
  },
  {
    "FileName": "",
    "Name": "CAC.Damaged",
    "Localization": {
      "CULTURE_EN_US": "Damaged"
    }
  },
  {
    "FileName": "",
    "Name": "CAC.Cooldown",
    "Localization": {
      "CULTURE_EN_US": "Cooldown"
    }
  },
  {
    "FileName": "",
    "Name": "CAC.Unjammed",
    "Localization": {
      "CULTURE_EN_US": "Unjammed"
    }
  },
  {
    "FileName": "",
    "Name": "CAC.BURNDAMAGE",
    "Localization": {
      "CULTURE_EN_US": "BURN DAMAGE"
    }
  },
  {
    "FileName": "",
    "Name": "CAC.HEATFROMFIRE",
    "Localization": {
      "CULTURE_EN_US": "+ {0} HEAT FROM FIRE"
    }
  },
  {
    "FileName": "",
    "Name": "CAC.LANDMINESEXPLODES",
    "Localization": {
      "CULTURE_EN_US": "LANDMINES EXPLODES:{0}"
    }
  },
  {
    "FileName": "",
    "Name": "CAC.HEATFROMLANDMINES",
    "Localization": {
      "CULTURE_EN_US": "+ {0} HEAT FROM LANDMINES"
    }
  },
  {
    "FileName": "",
    "Name": "CAC.INSTABILITYFROMLANDMINES",
    "Localization": {
      "CULTURE_EN_US": "+ {0} INSTABILITY FROM LANDMINES"
    }
  },
  {
    "FileName": "",
    "Name": "CAC.MELEEATTACKINTERUPTED",
    "Localization": {
      "CULTURE_EN_US": "MELEE ATTACK INTERUPTED"
    }
  },
  {
    "FileName": "",
    "Name": "CAC.HEATFROMFIRE",
    "Localization": {
      "CULTURE_EN_US": "+ {0} HEAT FROM FIRE"
    }
  },
  {
    "FileName": "",
    "Name": "CAC.EVADE",
    "Localization": {
      "CULTURE_EN_US": "EVADE"
    }
  },
  {
    "FileName": "",
    "Name": "CAC.MISS",
    "Localization": {
      "CULTURE_EN_US": "MISS! {0:0}%"
    }
  },
  {
    "FileName": "",
    "Name": "CAC.HEAT",
    "Localization": {
      "CULTURE_EN_US": "+{0} HEAT"
    }
  },
  {
    "FileName": "",
    "Name": "CAC.FROMHITBYAMS",
    "Localization": {
      "CULTURE_EN_US": "{0} FROM {1} HIT BY AMS"
    }
  },
  {
    "FileName": "",
    "Name": "CAC.EMERGENCYREPAIRSCOMMENCING",
    "Localization": {
      "CULTURE_EN_US": "EMERGENCY REPAIRS COMMENCING"
    }
  },
  {
    "FileName": "",
    "Name": "CAC.MINEFIELD",
    "Localization": {
      "CULTURE_EN_US": "MINEFIELD"
    }
  },
  {
    "FileName": "",
    "Name": "CAC.FLAMES",
    "Localization": {
      "CULTURE_EN_US": "FLAMES"
    }
  }
]