{
    "MechTags": {
        "items": [
            "unit_release",
            "unit_jumpOK",
            "unit_mech",
            "unit_medium",
            "unit_ready",
            "unit_lance_assassin",
            "unit_role_brawler",
			"unit_range_short",
			"unit_jumpOK",
			"unit_armor_low",
			"Davion",
			"NotMarik",
			"NotMagistracyOfCanopus",
			"BLACKLISTED"
        ],
        "tagSetSourceFile": ""
    },
    "ChassisID": "chassisdef_shadowhawk_SHD-KM",
    "HeraldryID": null,
    "Description": {
        "Cost": 6240000,
        "Rarity": 2,
        "Purchasable": true,
        "Manufacturer": null,
        "Model": null,
        "UIName": "Shadow Hawk SHD-KM",
        "Id": "mechdef_shadowhawk_SHD-KM",
        "Name": "Shadow Hawk",
        "Details": "The Shadow Hawk KM is an interesting model. Its default payload sacrifices a lot of armor to mount a bit more firepower, though some argue the tradeoff isn't worth it. Its Alpha Strikes <i>are</i> better, though, so\u2026 I guess you can be the judge.",
        "Icon": "uixTxrIcon_shadowhawk"
    },
    "simGameMechPartCost": 620000,
    "Version": 1,
    "Locations": [
        {
            "DamageLevel": "Functional",
            "Location": "Head",
            "CurrentArmor": 45,
            "CurrentRearArmor": -1,
            "CurrentInternalStructure": 16,
            "AssignedArmor": 45,
            "AssignedRearArmor": -1
        },
        {
            "DamageLevel": "Functional",
            "Location": "LeftArm",
            "CurrentArmor": 90,
            "CurrentRearArmor": -1,
            "CurrentInternalStructure": 45,
            "AssignedArmor": 90,
            "AssignedRearArmor": -1
        },
        {
            "DamageLevel": "Functional",
            "Location": "LeftTorso",
            "CurrentArmor": 130,
            "CurrentRearArmor": 65,
            "CurrentInternalStructure": 65,
            "AssignedArmor": 130,
            "AssignedRearArmor": 65
        },
        {
            "DamageLevel": "Functional",
            "Location": "CenterTorso",
            "CurrentArmor": 180,
            "CurrentRearArmor": 85,
            "CurrentInternalStructure": 90,
            "AssignedArmor": 180,
            "AssignedRearArmor": 85
        },
        {
            "DamageLevel": "Functional",
            "Location": "RightTorso",
            "CurrentArmor": 130,
            "CurrentRearArmor": 65,
            "CurrentInternalStructure": 65,
            "AssignedArmor": 130,
            "AssignedRearArmor": 65
        },
        {
            "DamageLevel": "Functional",
            "Location": "RightArm",
            "CurrentArmor": 90,
            "CurrentRearArmor": -1,
            "CurrentInternalStructure": 45,
            "AssignedArmor": 90,
            "AssignedRearArmor": -1
        },
        {
            "DamageLevel": "Functional",
            "Location": "LeftLeg",
            "CurrentArmor": 120,
            "CurrentRearArmor": -1,
            "CurrentInternalStructure": 65,
            "AssignedArmor": 120,
            "AssignedRearArmor": -1
        },
        {
            "DamageLevel": "Functional",
            "Location": "RightLeg",
            "CurrentArmor": 120,
            "CurrentRearArmor": -1,
            "CurrentInternalStructure": 65,
            "AssignedArmor": 120,
            "AssignedRearArmor": -1
        }
    ],
    "inventory": [  
        {
            "MountedLocation" : "LeftArm",
            "ComponentDefID" : "Weapon_PPC_LPPCER_3",
            "SimGameUID" : "",
            "ComponentDefType" : "Weapon",
            "HardpointSlot" : 0,
            "GUID" : null,
            "DamageLevel" : "Functional",
            "prefabName" : null,
            "hasPrefabName" : false
        },
        {
            "MountedLocation" : "LeftArm",
            "ComponentDefID" : "Gear_HeatSink_Generic_Thermal-Exchanger-III",
            "SimGameUID" : "",
            "ComponentDefType" : "HeatSink",
            "HardpointSlot" : -1,
            "GUID" : null,
            "DamageLevel" : "Functional",
            "prefabName" : null,
            "hasPrefabName" : false
        },
        {
            "MountedLocation" : "LeftArm",
            "ComponentDefID" : "Gear_TargetingTrackingSystem_Kallon_Omni",
            "SimGameUID" : "",
            "ComponentDefType" : "Upgrade",
            "HardpointSlot" : -1,
            "GUID" : null,
            "DamageLevel" : "Functional",
            "prefabName" : null,
            "hasPrefabName" : false
        },
        {
            "MountedLocation" : "LeftTorso",
            "ComponentDefID" : "Weapon_Gauss_IGauss",
            "SimGameUID" : "",
            "ComponentDefType" : "Weapon",
            "HardpointSlot" : 0,
            "GUID" : null,
            "DamageLevel" : "Functional",
            "prefabName" : null,
            "hasPrefabName" : false
        },
        {
            "MountedLocation" : "LeftTorso",
            "ComponentDefID" : "Weapon_MachineGun_AMS_3-Hydra",
            "SimGameUID" : "",
            "ComponentDefType" : "Weapon",
            "HardpointSlot" : 1,
            "GUID" : null,
            "DamageLevel" : "Functional",
            "prefabName" : null,
            "hasPrefabName" : false
        },
        {
            "MountedLocation" : "LeftTorso",
            "ComponentDefID" : "Weapon_MachineGun_AMS_3-Hydra",
            "SimGameUID" : "",
            "ComponentDefType" : "Weapon",
            "HardpointSlot" : 2,
            "GUID" : null,
            "DamageLevel" : "Functional",
            "prefabName" : null,
            "hasPrefabName" : false
        },
        {
            "MountedLocation" : "LeftTorso",
            "ComponentDefID" : "Ammo_AmmunitionBox_Generic_HGAUSS",
            "SimGameUID" : "",
            "ComponentDefType" : "AmmunitionBox",
            "HardpointSlot" : -1,
            "GUID" : null,
            "DamageLevel" : "Functional",
            "prefabName" : null,
            "hasPrefabName" : false
        },
        {
            "MountedLocation" : "LeftTorso",
            "ComponentDefID" : "Ammo_AmmunitionBox_Generic_FGAUSS",
            "SimGameUID" : "",
            "ComponentDefType" : "AmmunitionBox",
            "HardpointSlot" : -1,
            "GUID" : null,
            "DamageLevel" : "Functional",
            "prefabName" : null,
            "hasPrefabName" : false
        },
        {
            "MountedLocation" : "CenterTorso",
            "ComponentDefID" : "Ammo_AmmunitionBox_Generic_MG",
            "SimGameUID" : "",
            "ComponentDefType" : "AmmunitionBox",
            "HardpointSlot" : -1,
            "GUID" : null,
            "DamageLevel" : "Functional",
            "prefabName" : null,
            "hasPrefabName" : false
        },
        {
            "MountedLocation" : "RightTorso",
            "ComponentDefID" : "Weapon_SRM_SRM6_3-Wirlwind",
            "SimGameUID" : "",
            "ComponentDefType" : "Weapon",
            "HardpointSlot" : 0,
            "GUID" : null,
            "DamageLevel" : "Functional",
            "prefabName" : null,
            "hasPrefabName" : false
        },
        {
            "MountedLocation" : "RightTorso",
            "ComponentDefID" : "Weapon_SRM_SRM6_3-Wirlwind",
            "SimGameUID" : "",
            "ComponentDefType" : "Weapon",
            "HardpointSlot" : 1,
            "GUID" : null,
            "DamageLevel" : "Functional",
            "prefabName" : null,
            "hasPrefabName" : false
        },
        {
            "MountedLocation" : "RightTorso",
            "ComponentDefID" : "Ammo_AmmunitionBox_Generic_Wirlwind_E",
            "SimGameUID" : "",
            "ComponentDefType" : "AmmunitionBox",
            "HardpointSlot" : -1,
            "GUID" : null,
            "DamageLevel" : "Functional",
            "prefabName" : null,
            "hasPrefabName" : false
        },
        {
            "MountedLocation" : "RightTorso",
            "ComponentDefID" : "Gear_SpeedBooster",
            "SimGameUID" : "",
            "ComponentDefType" : "Upgrade",
            "HardpointSlot" : 3,
            "GUID" : null,
            "DamageLevel" : "Functional",
            "prefabName" : null,
            "hasPrefabName" : false
        },
        {
            "MountedLocation" : "RightArm",
            "ComponentDefID" : "Weapon_PPC_LPPCER_3",
            "SimGameUID" : "",
            "ComponentDefType" : "Weapon",
            "HardpointSlot" : 0,
            "GUID" : null,
            "DamageLevel" : "Functional",
            "prefabName" : null,
            "hasPrefabName" : false
        },
        {
            "MountedLocation" : "RightArm",
            "ComponentDefID" : "Gear_Sensor_Prototype_EWE",
            "SimGameUID" : "",
            "ComponentDefType" : "Upgrade",
            "HardpointSlot" : -1,
            "GUID" : null,
            "DamageLevel" : "Functional",
            "prefabName" : null,
            "hasPrefabName" : false
        },
        {
            "MountedLocation" : "RightArm",
            "ComponentDefID" : "Gear_HeatSink_Generic_Thermal-Exchanger-III",
            "SimGameUID" : "",
            "ComponentDefType" : "HeatSink",
            "HardpointSlot" : -1,
            "GUID" : null,
            "DamageLevel" : "Functional",
            "prefabName" : null,
            "hasPrefabName" : false
        },
        {
            "MountedLocation" : "Head",
            "ComponentDefID" : "Gear_Cockpit_CPU",
            "SimGameUID" : "",
            "ComponentDefType" : "Upgrade",
            "HardpointSlot" : -1,
            "GUID" : null,
            "DamageLevel" : "Functional",
            "prefabName" : null,
            "hasPrefabName" : false
        } 
	]
}