{
    "Description" : {
        "Cost" : 30600000,
        "Rarity" : 99,
        "Purchasable" : false,
        "Manufacturer" : null,
        "Model" : null,
        "UIName": "KingCrab KGC-A",
        "Id" : "mechdef_kingcrab_KGC-A",
        "Name" : "KingCrab-A",
        "Details" : "One of the most heavily armed and armored 'Mechs ever constructed, the King Crab A is capable of massive burst damage. A pair of heavy, close-range Autocannons form its primary weaponry, backed up by ranged weaponry to fire as it closes distance.",
        "Icon" : "uixTxrIcon_kingcrab"
    },
    "ChassisID" : "chassisdef_kingcrab_KGC-A",
    "simGameMechPartCost": 3060000,
    "MechTags" : {
        "items" : [
          "BLACKLISTED"
        ],
        "tagSetSourceFile" : ""
    },
    "inventory" : [
        {
            "MountedLocation" : "LeftArm",
            "ComponentDefID" : "Weapon_Gauss_IGauss",
            "SimGameUID" : "",
            "ComponentDefType" : "Weapon",
            "HardpointSlot" : 0,
            "GUID" : null,
            "DamageLevel" : "Functional",
            "prefabName" : null,
            "hasPrefabName" : false
        },
        {
            "MountedLocation" : "LeftArm",
            "ComponentDefID" : "Weapon_MachineGun_AMS_3-Hydra",
            "SimGameUID" : "",
            "ComponentDefType" : "Weapon",
            "HardpointSlot" : 1,
            "GUID" : null,
            "DamageLevel" : "Functional",
            "prefabName" : null,
            "hasPrefabName" : false
        },
        {
            "MountedLocation" : "LeftArm",
            "ComponentDefID" : "Weapon_MachineGun_AMS_3-Hydra",
            "SimGameUID" : "",
            "ComponentDefType" : "Weapon",
            "HardpointSlot" : 2,
            "GUID" : null,
            "DamageLevel" : "Functional",
            "prefabName" : null,
            "hasPrefabName" : false
        },
        {
            "MountedLocation" : "LeftArm",
            "ComponentDefID" : "Gear_HeatSink_Generic_Thermal-Exchanger-III",
            "SimGameUID" : "",
            "ComponentDefType" : "HeatSink",
            "HardpointSlot" : -1,
            "GUID" : null,
            "DamageLevel" : "Functional",
            "prefabName" : null,
            "hasPrefabName" : false
        },
        {
            "MountedLocation" : "LeftTorso",
            "ComponentDefID" : "Weapon_SRM_SRM6_3-Wirlwind",
            "SimGameUID" : "",
            "ComponentDefType" : "Weapon",
            "HardpointSlot" : 0,
            "GUID" : null,
            "DamageLevel" : "Functional",
            "prefabName" : null,
            "hasPrefabName" : false
        },
        {
            "MountedLocation" : "LeftTorso",
            "ComponentDefID" : "Weapon_SRM_SRM6_3-Wirlwind",
            "SimGameUID" : "",
            "ComponentDefType" : "Weapon",
            "HardpointSlot" : 1,
            "GUID" : null,
            "DamageLevel" : "Functional",
            "prefabName" : null,
            "hasPrefabName" : false
        },
        {
            "MountedLocation" : "LeftTorso",
            "ComponentDefID" : "Weapon_SRM_SRM6_3-Wirlwind",
            "SimGameUID" : "",
            "ComponentDefType" : "Weapon",
            "HardpointSlot" : 2,
            "GUID" : null,
            "DamageLevel" : "Functional",
            "prefabName" : null,
            "hasPrefabName" : false
        },
        {
            "MountedLocation" : "LeftTorso",
            "ComponentDefID" : "Weapon_SRM_SRM6_3-Wirlwind",
            "SimGameUID" : "",
            "ComponentDefType" : "Weapon",
            "HardpointSlot" : 3,
            "GUID" : null,
            "DamageLevel" : "Functional",
            "prefabName" : null,
            "hasPrefabName" : false
        },
        {
            "MountedLocation" : "LeftTorso",
            "ComponentDefID" : "Ammo_AmmunitionBox_Generic_Wirlwind",
            "SimGameUID" : "",
            "ComponentDefType" : "AmmunitionBox",
            "HardpointSlot" : -1,
            "GUID" : null,
            "DamageLevel" : "Functional",
            "prefabName" : null,
            "hasPrefabName" : false
        },
        {
            "MountedLocation" : "LeftTorso",
            "ComponentDefID" : "Ammo_AmmunitionBox_Generic_Wirlwind",
            "SimGameUID" : "",
            "ComponentDefType" : "AmmunitionBox",
            "HardpointSlot" : -1,
            "GUID" : null,
            "DamageLevel" : "Functional",
            "prefabName" : null,
            "hasPrefabName" : false
        },
        {
            "MountedLocation" : "LeftTorso",
            "ComponentDefID" : "Gear_TargetingTrackingSystem_Kallon_Omni",
            "SimGameUID" : "",
            "ComponentDefType" : "Upgrade",
            "HardpointSlot" : -1,
            "GUID" : null,
            "DamageLevel" : "Functional",
            "prefabName" : null,
            "hasPrefabName" : false
        },
        {
            "MountedLocation" : "CenterTorso",
            "ComponentDefID" : "Ammo_AmmunitionBox_Generic_FGAUSS",
            "SimGameUID" : "",
            "ComponentDefType" : "AmmunitionBox",
            "HardpointSlot" : -1,
            "GUID" : null,
            "DamageLevel" : "Functional",
            "prefabName" : null,
            "hasPrefabName" : false
        },
        {
            "MountedLocation" : "CenterTorso",
            "ComponentDefID" : "Ammo_AmmunitionBox_Generic_HGAUSS",
            "SimGameUID" : "",
            "ComponentDefType" : "AmmunitionBox",
            "HardpointSlot" : -1,
            "GUID" : null,
            "DamageLevel" : "Functional",
            "prefabName" : null,
            "hasPrefabName" : false
        },
        {
            "MountedLocation" : "CenterTorso",
            "ComponentDefID" : "Ammo_AmmunitionBox_Generic_MORTAR",
            "SimGameUID" : "",
            "ComponentDefType" : "AmmunitionBox",
            "HardpointSlot" : -1,
            "GUID" : null,
            "DamageLevel" : "Functional",
            "prefabName" : null,
            "hasPrefabName" : false
        },
        {
            "MountedLocation" : "CenterTorso",
            "ComponentDefID" : "Gear_Sensor_Prototype_EWE3",
            "SimGameUID" : "",
            "ComponentDefType" : "Upgrade",
            "HardpointSlot" : -1,
            "GUID" : null,
            "DamageLevel" : "Functional",
            "prefabName" : null,
            "hasPrefabName" : false
        },
        {
            "MountedLocation" : "RightTorso",
            "ComponentDefID" : "Weapon_PPC_LPPCER_3",
            "SimGameUID" : "",
            "ComponentDefType" : "Weapon",
            "HardpointSlot" : 0,
            "GUID" : null,
            "DamageLevel" : "Functional",
            "prefabName" : null,
            "hasPrefabName" : false
        },
        {
            "MountedLocation" : "RightTorso",
            "ComponentDefID" : "Weapon_PPC_LPPCER_3",
            "SimGameUID" : "",
            "ComponentDefType" : "Weapon",
            "HardpointSlot" : 1,
            "GUID" : null,
            "DamageLevel" : "Functional",
            "prefabName" : null,
            "hasPrefabName" : false
        },
        {
            "MountedLocation" : "RightTorso",
            "ComponentDefID" : "Weapon_PPC_LPPCER_3",
            "SimGameUID" : "",
            "ComponentDefType" : "Weapon",
            "HardpointSlot" : 2,
            "GUID" : null,
            "DamageLevel" : "Functional",
            "prefabName" : null,
            "hasPrefabName" : false
        },
        {
            "MountedLocation" : "RightTorso",
            "ComponentDefID" : "Weapon_PPC_LPPCER_3",
            "SimGameUID" : "",
            "ComponentDefType" : "Weapon",
            "HardpointSlot" : 3,
            "GUID" : null,
            "DamageLevel" : "Functional",
            "prefabName" : null,
            "hasPrefabName" : false
        },
        {
            "MountedLocation" : "RightTorso",
            "ComponentDefID" : "Gear_SpeedBooster",
            "SimGameUID" : "",
            "ComponentDefType" : "Upgrade",
            "HardpointSlot" : -1,
            "GUID" : null,
            "DamageLevel" : "Functional",
            "prefabName" : null,
            "hasPrefabName" : false
        },
        {
            "MountedLocation" : "RightTorso",
            "ComponentDefID" : "Ammo_AmmunitionBox_Generic_MG",
            "SimGameUID" : "",
            "ComponentDefType" : "AmmunitionBox",
            "HardpointSlot" : -1,
            "GUID" : null,
            "DamageLevel" : "Functional",
            "prefabName" : null,
            "hasPrefabName" : false
        },
        {
            "MountedLocation" : "RightTorso",
            "ComponentDefID" : "Ammo_AmmunitionBox_Generic_MG",
            "SimGameUID" : "",
            "ComponentDefType" : "AmmunitionBox",
            "HardpointSlot" : -1,
            "GUID" : null,
            "DamageLevel" : "Functional",
            "prefabName" : null,
            "hasPrefabName" : false
        },
        {
            "MountedLocation" : "RightArm",
            "ComponentDefID" : "Weapon_MORTAR_3-Hellhammer",
            "SimGameUID" : "",
            "ComponentDefType" : "Weapon",
            "HardpointSlot" : 0,
            "GUID" : null,
            "DamageLevel" : "Functional",
            "prefabName" : null,
            "hasPrefabName" : false
        },
        {
            "MountedLocation" : "RightArm",
            "ComponentDefID" : "Weapon_MachineGun_AMS_3-Hydra",
            "SimGameUID" : "",
            "ComponentDefType" : "Weapon",
            "HardpointSlot" : 1,
            "GUID" : null,
            "DamageLevel" : "Functional",
            "prefabName" : null,
            "hasPrefabName" : false
        },
        {
            "MountedLocation" : "RightArm",
            "ComponentDefID" : "Weapon_MachineGun_AMS_3-Hydra",
            "SimGameUID" : "",
            "ComponentDefType" : "Weapon",
            "HardpointSlot" : 2,
            "GUID" : null,
            "DamageLevel" : "Functional",
            "prefabName" : null,
            "hasPrefabName" : false
        },
        {
            "MountedLocation" : "RightArm",
            "ComponentDefID" : "Gear_HeatSink_Generic_Thermal-Exchanger-III",
            "SimGameUID" : "",
            "ComponentDefType" : "HeatSink",
            "HardpointSlot" : -1,
            "GUID" : null,
            "DamageLevel" : "Functional",
            "prefabName" : null,
            "hasPrefabName" : false
        },
        {
            "MountedLocation" : "LeftLeg",
            "ComponentDefID" : "Gear_HeatSink_Generic_Thermal-Exchanger-III",
            "SimGameUID" : "",
            "ComponentDefType" : "HeatSink",
            "HardpointSlot" : -1,
            "GUID" : null,
            "DamageLevel" : "Functional",
            "prefabName" : null,
            "hasPrefabName" : false
        },
        {
            "MountedLocation" : "LeftLeg",
            "ComponentDefID" : "Gear_HeatSink_Generic_Double",
            "SimGameUID" : "",
            "ComponentDefType" : "HeatSink",
            "HardpointSlot" : -1,
            "GUID" : null,
            "DamageLevel" : "Functional",
            "prefabName" : null,
            "hasPrefabName" : false
        },
        {
            "MountedLocation" : "LeftLeg",
            "ComponentDefID" : "Gear_HeatSink_Generic_Double",
            "SimGameUID" : "",
            "ComponentDefType" : "HeatSink",
            "HardpointSlot" : -1,
            "GUID" : null,
            "DamageLevel" : "Functional",
            "prefabName" : null,
            "hasPrefabName" : false
        },
        {
            "MountedLocation" : "RightLeg",
            "ComponentDefID" : "Gear_HeatSink_Generic_Thermal-Exchanger-III",
            "SimGameUID" : "",
            "ComponentDefType" : "HeatSink",
            "HardpointSlot" : -1,
            "GUID" : null,
            "DamageLevel" : "Functional",
            "prefabName" : null,
            "hasPrefabName" : false
        },
        {
            "MountedLocation" : "RightLeg",
            "ComponentDefID" : "Gear_HeatSink_Generic_Thermal-Exchanger-III",
            "SimGameUID" : "",
            "ComponentDefType" : "HeatSink",
            "HardpointSlot" : -1,
            "GUID" : null,
            "DamageLevel" : "Functional",
            "prefabName" : null,
            "hasPrefabName" : false
        },
        {
            "MountedLocation" : "RightLeg",
            "ComponentDefID" : "Gear_HeatSink_Generic_Double",
            "SimGameUID" : "",
            "ComponentDefType" : "HeatSink",
            "HardpointSlot" : -1,
            "GUID" : null,
            "DamageLevel" : "Functional",
            "prefabName" : null,
            "hasPrefabName" : false
        },
        {
            "MountedLocation" : "Head",
            "ComponentDefID" : "Gear_Cockpit_CPU",
            "SimGameUID" : "",
            "ComponentDefType" : "Upgrade",
            "HardpointSlot" : -1,
            "GUID" : null,
            "DamageLevel" : "Functional",
            "prefabName" : null,
            "hasPrefabName" : false
        }
    ],
    "Locations" : [
        {
            "DamageLevel" : "Functional",
            "Location" : "Head",
            "CurrentArmor" : 45,
            "CurrentRearArmor" : -1,
            "CurrentInternalStructure" : 16,
            "AssignedArmor" : 45,
            "AssignedRearArmor" : -1
        },
        {
            "DamageLevel" : "Functional",
            "Location" : "LeftArm",
            "CurrentArmor" : 170,
            "CurrentRearArmor" : -1,
            "CurrentInternalStructure" : 85,
            "AssignedArmor" : 170,
            "AssignedRearArmor" : -1
        },
        {
            "DamageLevel" : "Functional",
            "Location" : "LeftTorso",
            "CurrentArmor" : 200,
            "CurrentRearArmor" : 105,
            "CurrentInternalStructure" : 105,
            "AssignedArmor" : 200,
            "AssignedRearArmor" : 105
        },
        {
            "DamageLevel" : "Functional",
            "Location" : "CenterTorso",
            "CurrentArmor" : 300,
            "CurrentRearArmor" : 145,
            "CurrentInternalStructure" : 155,
            "AssignedArmor" : 300,
            "AssignedRearArmor" : 145
        },
        {
            "DamageLevel" : "Functional",
            "Location" : "RightTorso",
            "CurrentArmor" : 200,
            "CurrentRearArmor" : 105,
            "CurrentInternalStructure" : 105,
            "AssignedArmor" : 200,
            "AssignedRearArmor" : 105
        },
        {
            "DamageLevel" : "Functional",
            "Location" : "RightArm",
            "CurrentArmor" : 170,
            "CurrentRearArmor" : -1,
            "CurrentInternalStructure" : 85,
            "AssignedArmor" : 170,
            "AssignedRearArmor" : -1
        },
        {
            "DamageLevel" : "Functional",
            "Location" : "LeftLeg",
            "CurrentArmor" : 200,
            "CurrentRearArmor" : -1,
            "CurrentInternalStructure" : 105,
            "AssignedArmor" : 200,
            "AssignedRearArmor" : -1
        },
        {
            "DamageLevel" : "Functional",
            "Location" : "RightLeg",
            "CurrentArmor" : 200,
            "CurrentRearArmor" : -1,
            "CurrentInternalStructure" : 105,
            "AssignedArmor" : 200,
            "AssignedRearArmor" : -1
        }
    ],
    "Version" : 1
}
