{
    "MechTags": {
        "items": [
            "unit_jumpOK",
            "unit_release",
            "unit_mech",
            "unit_light",
            "unit_lance_tank",
            "unit_role_brawler",
            "unit_urbie",
			"unit_jumpOK",
			"unit_speed_low",
			"unit_armor_high",
			"BLACKLISTED"
        ],
        "tagSetSourceFile": ""
    },
    "ChassisID": "chassisdef_urbanmech_UM-KM",
    "HeraldryID": null,
    "Description": {
        "Cost": 2680000,
        "Rarity": 99,
        "Purchasable": false,
        "Manufacturer": null,
        "Model": null,
        "UIName": "SuburbanMech UM-KM",
        "Id": "mechdef_urbanmech_UM-KM",
        "Name": "UrbanMech",
        "Details": "The UM-KM 'SuburbanMech' adapts the traditional UrbanMech R60 into an energy weapon platform for higher performance. Because its weapons aren't limited by ammunition concerns, the R90 is better-suited to longer engagements.",
        "Icon": "uixTxrIcon_urbanmech"
    },
    "simGameMechPartCost": 270000,
    "Version": 1,
    "Locations": [
        {
            "DamageLevel": "Functional",
            "Location": "Head",
            "CurrentArmor": 45,
            "CurrentRearArmor": -1,
            "CurrentInternalStructure": 16,
            "AssignedArmor": 45,
            "AssignedRearArmor": -1
        },
        {
            "DamageLevel": "Functional",
            "Location": "LeftArm",
            "CurrentArmor": 50,
            "CurrentRearArmor": -1,
            "CurrentInternalStructure": 25,
            "AssignedArmor": 50,
            "AssignedRearArmor": -1
        },
        {
            "DamageLevel": "Functional",
            "Location": "LeftTorso",
            "CurrentArmor": 70,
            "CurrentRearArmor": 35,
            "CurrentInternalStructure": 35,
            "AssignedArmor": 70,
            "AssignedRearArmor": 35
        },
        {
            "DamageLevel": "Functional",
            "Location": "CenterTorso",
            "CurrentArmor": 100,
            "CurrentRearArmor": 45,
            "CurrentInternalStructure": 50,
            "AssignedArmor": 100,
            "AssignedRearArmor": 45
        },
        {
            "DamageLevel": "Functional",
            "Location": "RightTorso",
            "CurrentArmor": 70,
            "CurrentRearArmor": 35,
            "CurrentInternalStructure": 35,
            "AssignedArmor": 70,
            "AssignedRearArmor": 35
        },
        {
            "DamageLevel": "Functional",
            "Location": "RightArm",
            "CurrentArmor": 50,
            "CurrentRearArmor": -1,
            "CurrentInternalStructure": 25,
            "AssignedArmor": 50,
            "AssignedRearArmor": -1
        },
        {
            "DamageLevel": "Functional",
            "Location": "LeftLeg",
            "CurrentArmor": 70,
            "CurrentRearArmor": -1,
            "CurrentInternalStructure": 35,
            "AssignedArmor": 70,
            "AssignedRearArmor": -1
        },
        {
            "DamageLevel": "Functional",
            "Location": "RightLeg",
            "CurrentArmor": 70,
            "CurrentRearArmor": -1,
            "CurrentInternalStructure": 35,
            "AssignedArmor": 70,
            "AssignedRearArmor": -1
        }
    ],
    "inventory": [
        {
            "MountedLocation": "LeftArm",
            "ComponentDefID": "Weapon_MachineGun_AMS_3-Hydra",
            "SimGameUID": null,
            "ComponentDefType": "Weapon",
            "HardpointSlot": 0,
            "GUID": null,
            "DamageLevel": "Functional",
            "prefabName": null,
            "hasPrefabName": false
        },
        {
            "MountedLocation": "LeftArm",
            "ComponentDefID": "Weapon_MachineGun_AMS_3-Hydra",
            "SimGameUID": null,
            "ComponentDefType": "Weapon",
            "HardpointSlot": 1,
            "GUID": null,
            "DamageLevel": "Functional",
            "prefabName": null,
            "hasPrefabName": false
        },
        {
            "MountedLocation": "LeftTorso",
            "ComponentDefID": "Weapon_PPC_LPPCER_3",
            "SimGameUID": null,
            "ComponentDefType": "Weapon",
            "HardpointSlot": 0,
            "GUID": null,
            "DamageLevel": "Functional",
            "prefabName": null,
            "hasPrefabName": false
        },
        {
            "MountedLocation": "LeftTorso",
            "ComponentDefID": "Weapon_PPC_LPPCER_3",
            "SimGameUID": null,
            "ComponentDefType": "Weapon",
            "HardpointSlot": 1,
            "GUID": null,
            "DamageLevel": "Functional",
            "prefabName": null,
            "hasPrefabName": false
        },
        {
            "MountedLocation" : "LeftTorso",
            "ComponentDefID" : "Ammo_AmmunitionBox_Generic_MG",
            "SimGameUID" : "",
            "ComponentDefType" : "AmmunitionBox",
            "HardpointSlot" : -1,
            "GUID" : null,
            "DamageLevel" : "Functional",
            "prefabName" : null,
            "hasPrefabName" : false
        }, 
        {
            "MountedLocation" : "LeftTorso",
            "ComponentDefID" : "Gear_SpeedBooster",
            "SimGameUID" : "",
            "ComponentDefType" : "Upgrade",
            "HardpointSlot" : -1,
            "GUID" : null,
            "DamageLevel" : "Functional",
            "prefabName" : null,
            "hasPrefabName" : false
        },
        {
            "MountedLocation": "CenterTorso",
            "ComponentDefID": "Gear_HeatSink_Generic_Double",
            "SimGameUID": null,
            "ComponentDefType": "HeatSink",
            "HardpointSlot": -1,
            "GUID": null,
            "DamageLevel": "Functional",
            "prefabName": null,
            "hasPrefabName": false
        },
        {
            "MountedLocation" : "RightTorso",
            "ComponentDefID" : "Gear_Sensor_Prototype_EWE3",
            "SimGameUID" : "",
            "ComponentDefType" : "Upgrade",
            "HardpointSlot" : -1,
            "GUID" : null,
            "DamageLevel" : "Functional",
            "prefabName" : null,
            "hasPrefabName" : false
        }, 
        {
            "MountedLocation" : "RightTorso",
            "ComponentDefID" : "Gear_TargetingTrackingSystem_Kallon_Omni",
            "SimGameUID" : "",
            "ComponentDefType" : "Upgrade",
            "HardpointSlot" : -1,
            "GUID" : null,
            "DamageLevel" : "Functional",
            "prefabName" : null,
            "hasPrefabName" : false
        }, 
        {
            "MountedLocation" : "RightTorso",
            "ComponentDefID" : "Ammo_AmmunitionBox_Generic_FGAUSS",
            "SimGameUID" : "",
            "ComponentDefType" : "AmmunitionBox",
            "HardpointSlot" : -1,
            "GUID" : null,
            "DamageLevel" : "Functional",
            "prefabName" : null,
            "hasPrefabName" : false
        },
        {
            "MountedLocation" : "RightTorso",
            "ComponentDefID" : "Ammo_AmmunitionBox_Generic_HGAUSS",
            "SimGameUID" : "",
            "ComponentDefType" : "AmmunitionBox",
            "HardpointSlot" : -1,
            "GUID" : null,
            "DamageLevel" : "Functional",
            "prefabName" : null,
            "hasPrefabName" : false
        },
        {
            "MountedLocation": "RightArm",
            "ComponentDefID": "Weapon_Gauss_IGauss",
            "SimGameUID": null,
            "ComponentDefType": "Weapon",
            "HardpointSlot": 0,
            "GUID": null,
            "DamageLevel": "Functional",
            "prefabName": null,
            "hasPrefabName": false
        },
        {
            "MountedLocation" : "Head",
            "ComponentDefID" : "Gear_Cockpit_CPU",
            "SimGameUID" : "",
            "ComponentDefType" : "Upgrade",
            "HardpointSlot" : -1,
            "GUID" : null,
            "DamageLevel" : "Functional",
            "prefabName" : null,
            "hasPrefabName" : false
        } 
	]
}