{
    "AmmoID" : "Ammunition_Thunder",
    "Capacity" : 100,
    "Description" : {
        "Cost" : 10000,
        "Rarity" : 0,
        "Purchasable" : true,
        "Manufacturer" : "Generic",
        "Model" : "SRM",
        "UIName" : "Thunder Ammo",
        "Id" : "Ammo_AmmunitionBox_Generic_Thunder",
        "Name" : "Thunder Ammo",
        "Details" : "Thunder",
        "Icon" : "uixSvgIcon_ammoBox_Missile"
    },
    "BonusValueA" : "",
    "BonusValueB" : "",
    "ComponentType" : "AmmunitionBox",
    "ComponentSubType" : "Ammunition",
    "PrefabIdentifier" : "",
    "BattleValue" : 0,
    "InventorySize" : 1,
    "Tonnage" : 1,
    "AllowedLocations" : "All",
    "DisallowedLocations" : "All",
    "CriticalComponent" : false,
    "statusEffects" : [
        
    ],
    "ComponentTags" : {
        "items" : [
            "component_type_stock"
        ],
        "tagSetSourceFile" : ""
    }
}
