{
	"AmmoID" : "Ammunition_LGAUSS",
	"Capacity" : 16,
	"Description" : {
		"Cost" : 50000,
		"Rarity" : 99,
		"Purchasable" : false,
        "Manufacturer" : "Generic",
        "Model" : "GAUSS",
        "UIName" : "Light Gauss Ammo",
		"Id" : "Ammo_AmmunitionBox_Generic_LGAUSS",
		"Name" : "Light Gauss Ammo",
		"Details" : "Light Gauss Ammo. 16.",
		"Icon" : "uixSvgIcon_ammoBox_Ballistic"
	},
    "BonusValueA" : "",
    "BonusValueB" : "",
	"ComponentType" : "AmmunitionBox",
	"ComponentSubType" : "Ammunition",
	"PrefabIdentifier" : "",
	"BattleValue" : 0,
	"InventorySize" : 1,
	"Tonnage" : 1,
	"AllowedLocations" : "All",
	"DisallowedLocations" : "None",
	"CriticalComponent" : false,
    "statusEffects" : [
        
    ],
    "ComponentTags" : {
        "items" : [
            "component_type_stock"
		],
        "tagSetSourceFile" : ""
    }
}