{
    "AmmoID" : "Ammunition_LBX10ECM",
    "Capacity" : 8,
    "Description" : {
        "Cost" : 30000,
        "Rarity" : 0,
        "Purchasable" : true,
        "Manufacturer" : "Generic",
        "Model" : "AC10",
        "UIName" : "LBX10 ECM Ammo",
        "Id" : "Ammo_AmmunitionBox_Generic_LBX10ECM",
        "Name" : "LBX10 ECM Ammo",
        "Details" : "LBX10 ECM Ammo",
        "Icon" : "uixSvgIcon_ammoBox_Ballistic"
    },
    "BonusValueA" : "",
    "BonusValueB" : "",
    "ComponentType" : "AmmunitionBox",
    "ComponentSubType" : "Ammunition",
    "PrefabIdentifier" : "",
    "BattleValue" : 0,
    "InventorySize" : 1,
    "Tonnage" : 1,
    "AllowedLocations" : "All",
    "DisallowedLocations" : "All",
    "CriticalComponent" : false,
    "statusEffects" : [
        
    ],
    "ComponentTags" : {
        "items" : [
            "component_type_stock"
        ],
        "tagSetSourceFile" : ""
    }
}
