{
    "AmmoID" : "Ammunition_MORTAR",
    "Capacity" : 10,
    "Description" : {
        "Cost" : 40000,
        "Rarity" : 0,
        "Purchasable" : true,
        "Manufacturer" : "Diamat",
        "Model" : "AC20",
        "UIName" : "Tactical Nuclear Ammo",
        "Id" : "Ammo_AmmunitionBox_Generic_MORTAR",
        "Name" : "Tactical Nuclear Ammo",
        "Details" : "Боеприпас для нанесения тактического ядерного удара по крупным целям и скоплениям сил противника. Наиболее эффективное и разрушительное средство, доступное артиллерии. Используется артустановками Hellhammer. 10 зарядов.",
        "Icon" : "uixSvgIcon_ammoBox_Ballistic"
    },
    "BonusValueA" : "",
    "BonusValueB" : "",
    "ComponentType" : "AmmunitionBox",
    "ComponentSubType" : "Ammunition",
    "PrefabIdentifier" : "",
    "BattleValue" : 0,
    "InventorySize" : 1,
    "Tonnage" : 1,
    "AllowedLocations" : "All",
    "DisallowedLocations" : "All",
    "CriticalComponent" : false,
    "statusEffects" : [
        
    ],
    "ComponentTags" : {
        "items" : [
            "component_type_stock"
        ],
        "tagSetSourceFile" : ""
    }
}
