{
	"Description" : {
		"Id" : "vehiclechassisdef_WARRIOR_VTOL",
		"Name" : "Warrior VTOl",
		"Details" : "",
		"Icon" : "STRIKER",
		"Cost" : 564,
		"Rarity" : 0,
		"Purchasable" : false
	},
	"CustomParts":{
    "AOEHeight": 55,
    "FiringArc":60,
    "Unaffected":{
      "DesignMasks":"true",
      "Pathing":"true",
      "Fire":"true",
      "Landmines":"true"
    },
    "TieToGroundOnDeath":"true",
		"HighestLOSPosition":{"x":0,"y":60,"z":0},
		"TurretAttach":{
			"offset":{"x":0.0,"y":52.3,"z":8.5},
			"rotate":{"x":0,"y":0,"z":0}
		},
		"BodyAttach":{
			"offset":{"x":0,"y":54,"z":0}
		},
    "TurretLOS":{
			"offset":{"x":0.0,"y":52.3,"z":8.5}
		},
		"LeftSideLOS":{
			"offset":{"x":-2,"y":54,"z":0}
		},
		"RightSideLOS":{
			"offset":{"x":2,"y":54,"z":0}
		},
		"leftVFXTransform":{
			"offset":{"x":-2,"y":54,"z":0}
		},
		"rightVFXTransform":{
			"offset":{"x":2,"y":54,"z":0}
		},
		"rearVFXTransform":{
			"offset":{"x":0,"y":54,"z":-7}
		},
		"thisTransform":{
			"offset":{"x":0,"y":52,"z":0}
		},
		"lightsTransforms":[
      {"offset":{"x":-1.1,"y":103.8,"z":4.7},"rotate":{x:60,"y":0,"z":0}},
      {"offset":{"x":1.2,"y":103.8,"z":4.7},"rotate":{x:60,"y":0,"z":0}}
    ],
		"CustomParts":[
			{
				"prefab":"warrior_rotor_top_x10_brass",
        "MaterialInfo":{
          "warrior_top_rotor_0Mat":{
            "shader": "battletechstandartshader",
            "shaderKeyWords":["_DETAIL_OVERLAY","_EMISSION","_METALLICGLOSSMAP","_NORMALMAP"]
          }
        },
				"prefabTransform":{
					"offset":  {"x":-0.6,"y":1.4,"z":0.5},
					"scale":   {"x":1,"y":1,"z":1},
					"rotation":{"x":0, "y":0, "z":0}
				},
        "VehicleChassisLocation":"Front",
				"AnimationType":"SimpleRotator",
				"AnimationData":{"speed":5,"axis":"y","sound":"AudioEventList_motor_motor_buzzy_start"}
			},
			{
				"prefab":"warrior_rotor_bottom_x10_brass",
        "MaterialInfo":{
          "warrior_bottom_rotor_0Mat":{
            "shader": "battletechstandartshader",
            "shaderKeyWords":["_DETAIL_OVERLAY","_EMISSION","_METALLICGLOSSMAP","_NORMALMAP"]
          }
        },
				"prefabTransform":{
					"offset":  {"x":-0.6,"y":1.2,"z":0.5},
					"scale":   {"x":1,"y":1,"z":1},
					"rotation":{"x":0, "y":0, "z":0}
				},
        "VehicleChassisLocation":"Front",
				"AnimationType":"SimpleRotator",
				"AnimationData":{"speed":-5,"axis":"y"}
			},
			{
				"prefab":"warrior_turret_x10_red",
        "MaterialInfo":{
          "warrior_turret_0Mat":{
            "shader": "battletechstandartshader",
            "shaderKeyWords":["_DETAIL_OVERLAY","_EMISSION","_METALLICGLOSSMAP","_NORMALMAP"]
          }
        },
				"prefabTransform":{
					"offset":  {"x":-0.6,"y":0,"z":-2.5},
					"scale":   {"x":1,"y":1,"z":1},
					"rotation":{"x":0, "y":0, "z":0}
				},
        "VehicleChassisLocation":"Turret",
				"AnimationType":"Turret",
				"AnimationData":{
          "speed":1,
          "VehicleLocation": "Front",
          "barrels":[
            {"offset":{"x":0,"y":-3,"z":3}}
          ]
        }
			},
			{
				"prefab":"",
				"prefabTransform":{
					"offset":  {"x":0,"y":0,"z":0},
					"scale":   {"x":1,"y":1,"z":1},
					"rotation":{"x":0, "y":0, "z":0}
				},
        "VehicleChassisLocation":"Left",
				"AnimationType":"WeaponMountPoint",
				"AnimationData":{
          "speed":1,
          "VehicleLocation": "Left",
          "barrels":[
            {"offset":{"x":0,"y":-3,"z":0}}
          ]
        }
			},
			{
				"prefab":"",
				"prefabTransform":{
					"offset":  {"x":0,"y":0,"z":0},
					"scale":   {"x":1,"y":1,"z":1},
					"rotation":{"x":0, "y":0, "z":0}
				},
        "VehicleChassisLocation":"Right",
				"AnimationType":"WeaponMountPoint",
				"AnimationData":{
          "speed":1,
          "VehicleLocation": "Right",
          "barrels":[
            {"offset":{"x":0,"y":-3,"z":0}}
          ]
        }
			}
		]
	},
	"MovementCapDefID" : "movedef_warriorvtol",
	"PathingCapDefID" : "pathingdef_light_wheeled",
	"HardpointDataDefID" : "hardpointdatadef_warriorvtol",
	"PrefabIdentifier" : "chrprfvhcl_warriorvtol",
	"PrefabBase" : "warriorvtol",
	"Tonnage" : 10,
	"weightClass" : "LIGHT",
	"BattleValue" : 564,
	"TopSpeed" : 85,
	"TurnRadius" : 90,
	"movementType" : "Tracked",
	"SpotterDistanceMultiplier" : 1,
    "VisibilityMultiplier" : 0.85,
    "SensorRangeMultiplier" : 1,
    "Signature" : 0,
    "Radius" : 4,
	"LOSSourcePositions" : [
		{
		    "x" : 0,
		    "y" : 4,
		    "z" : -2
	    },
		{
		    "x" : 0,
		    "y" : 2.5,
		    "z" : 4
	    }
	],
	"LOSTargetPositions" : [
		{
		    "x" : 0,
		    "y" : 4,
		    "z" : -2
		},
		{
		    "x" : 0,
		    "y" : 2.5,
		    "z" : 4
		},
		{
		    "x" : -1.5,
		    "y" : 2.5,
		    "z" : 0
		},
		{
		    "x" : 1.5,
		    "y" : 2.5,
		    "z" : 0
		},
		{
		    "x" : 0.0,
		    "y" : 2.5,
		    "z" : -4
	    }
	],
	"Locations" : [
		{
			"Location" : "Front",
			"Hardpoints" : [
				{
					"WeaponMount" : "AntiPersonnel",
					"Omni" : false
				}    
			],
			"Tonnage" : 0,
			"InventorySlots" : 0,
			"MaxArmor" : 60,
			"InternalStructure" : 5
		},
		{
			"Location" : "Left",
			"Hardpoints" : [
				{
					"WeaponMount" : "Missile",
					"Omni" : false
				}
			],
			"Tonnage" : 0,
			"InventorySlots" : 0,
			"MaxArmor" : 50,
			"InternalStructure" : 5
		},
		{
			"Location" : "Right",
			"Hardpoints" : [
				{
					"WeaponMount" : "Missile",
					"Omni" : false
				}
			],
			"Tonnage" : 0,
			"InventorySlots" : 0,
			"MaxArmor" : 50,
			"InternalStructure" : 5
		},
		{
			"Location" : "Rear",
			"Hardpoints" : [
			],
			"Tonnage" : 0,
			"InventorySlots" : 0,
			"MaxArmor" : 50,
			"InternalStructure" : 5
		},
	  {
			"Location" : "Turret",
			"Hardpoints" : [],
			"Tonnage" : 0,
			"InventorySlots" : 0,
			"MaxArmor" : 30,
			"InternalStructure" : 5
		}
	]
}
