{
    "DissipationCapacity" : 0,
    "Description" : {
        "Cost" : 720000,
        "Rarity" : 5,
        "Purchasable" : true,
        "Manufacturer" : "Generic",
        "Model" : "Thermal Exchanger III",
        "UIName" : "Exchanger + +",
        "Id" : "Gear_HeatSink_Generic_Thermal-Exchanger-III",
        "Name" : "Thermal Exchanger III",
        "Details" : "Thermal Exchangers reduce the overall heat generated from weapon attacks by a fixed percentage. Unlike Heat Sink components, Thermal Exchangers are not impacted by the surrounding environment.",
        "Icon" : "uixSvgIcon_equipment_ThermalExchanger"
    },
    "BonusValueA" : " - 20% Weapon Heat",
    "BonusValueB" : "",
    "ComponentType" : "HeatSink",
    "ComponentSubType" : "Heatsink",
    "PrefabIdentifier" : "",
    "BattleValue" : 0,
    "InventorySize" : 2,
    "Tonnage" : 2,
    "AllowedLocations" : "All",
    "DisallowedLocations" : "All",
    "CriticalComponent" : false,
    "statusEffects" : [
        {
            "durationData" : {
                "duration" : -1,
                "ticksOnActivations" : false,
                "useActivationsOfTarget" : false,
                "ticksOnEndOfRound" : false,
                "ticksOnMovements" : false,
                "stackLimit" : -1,
                "clearedWhenAttacked" : false
            },
            "targetingData" : {
                "effectTriggerType" : "Passive",
                "triggerLimit" : 0,
                "extendDurationOnTrigger" : 0,
                "specialRules" : "NotSet",
                "effectTargetType" : "Creator",
                "range" : 0,
                "forcePathRebuild" : false,
                "forceVisRebuild" : false,
                "showInTargetPreview" : false,
                "showInStatusPanel" : true
            },
            "effectType" : "StatisticEffect",
            "Description" : {
                "Id" : "StatusEffect-Heat_GenReduction-T3",
                "Name" : "HEAT GENERATION DECREASED",
                "Details" : "Heat generation reduced by [AMT].",
                "Icon" : "uixSvgIcon_equipment_ThermalExchanger"
            },
            "nature" : "Buff",
            "statisticData" : {
                "appliesEachTick" : false,
                "effectsPersistAfterDestruction" : false,
                "statName" : "HeatGenerated",
                "operation" : "Float_Multiply",
                "modValue" : "0.8",
                "modType" : "System.Single",
                "additionalRules" : "NotSet",
                "targetCollection" : "Weapon",
                "targetWeaponCategory" : "NotSet",
                "targetWeaponType" : "NotSet",
                "targetAmmoCategory" : "NotSet",
                "targetWeaponSubType" : "NotSet"
            },
            "tagData" : null,
            "floatieData" : null,
            "actorBurningData" : null,
            "vfxData" : null,
            "instantModData" : null,
            "poorlyMaintainedEffectData" : null
        }
    ],
    "ComponentTags" : {
        "items" : [
            "component_type_variant",
            "component_type_variant3"
        ],
        "tagSetSourceFile" : ""
    }
}
