[
  {
    "FileName": "C:\\Games\\steamapps\\common\\BATTLETECH\\Mods\\ActivatableEquipment\\upgrades\\Gear_Cockpit_CPU.json",
    "Name": "CustomActivatableEquipment.Gear_Cockpit_CPU.UIName",
    "Localization": {
      "CULTURE_EN_US": "Machine Spirit"
    }
  },
  {
    "FileName": "C:\\Games\\steamapps\\common\\BATTLETECH\\Mods\\ActivatableEquipment\\upgrades\\Gear_Cockpit_CPU.json",
    "Name": "CustomActivatableEquipment.Gear_Cockpit_CPU.Name",
    "Localization": {
      "CULTURE_EN_US": "Machine Spirit"
    }
  },
  {
    "FileName": "C:\\Games\\steamapps\\common\\BATTLETECH\\Mods\\ActivatableEquipment\\upgrades\\Gear_Cockpit_CPU.json",
    "Name": "CustomActivatableEquipment.Gear_Cockpit_CPU.Details",
    "Localization": {
      "CULTURE_EN_US": "English description"
      
    }
  },
  {
    "FileName": "C:\\Games\\steamapps\\common\\BATTLETECH\\Mods\\ActivatableEquipment\\upgrades\\Gear_Cockpit_CPU.json",
    "Name": "CustomActivatableEquipment.Gear_Cockpit_CPU.StatusEffect-Initiative-CPU.effect0.Name",
    "Localization": {
      "CULTURE_EN_US": "INITIATIVE"
    }
  },
  {
    "FileName": "C:\\Games\\steamapps\\common\\BATTLETECH\\Mods\\ActivatableEquipment\\upgrades\\Gear_Cockpit_CPU.json",
    "Name": "CustomActivatableEquipment.Gear_Cockpit_CPU.StatusEffect-AcePilot-CPU.effect1.Name",
    "Localization": {
      "CULTURE_EN_US": "ACE PILOT"
    }
  },
  {
    "FileName": "C:\\Games\\steamapps\\common\\BATTLETECH\\Mods\\ActivatableEquipment\\upgrades\\Gear_Cockpit_CPU.json",
    "Name": "CustomActivatableEquipment.Gear_Cockpit_CPU.StatusEffect-Bulwark-CPU.effect2.Name",
    "Localization": {
      "CULTURE_EN_US": "BULWARK"
    }
  },
  {
    "FileName": "C:\\Games\\steamapps\\common\\BATTLETECH\\Mods\\ActivatableEquipment\\upgrades\\Gear_Cockpit_CPU.json",
    "Name": "CustomActivatableEquipment.Gear_Cockpit_CPU.StatusEffect-Spotting_Gain-T3.effect3.Name",
    "Localization": {
      "CULTURE_EN_US": "SPOTTING DISTANCE INCREASED"
    }
  },
  {
    "FileName": "C:\\Games\\steamapps\\common\\BATTLETECH\\Mods\\ActivatableEquipment\\upgrades\\Gear_Cockpit_CPU.json",
    "Name": "CustomActivatableEquipment.Gear_Cockpit_CPU.StatusEffect-Morale_Gain-T3.effect4.Name",
    "Localization": {
      "CULTURE_EN_US": "MORALE GENERATION INCREASED"
    }
  },
  {
    "FileName": "C:\\Games\\steamapps\\common\\BATTLETECH\\Mods\\ActivatableEquipment\\upgrades\\Gear_Cockpit_CPU.json",
    "Name": "CustomActivatableEquipment.Gear_Cockpit_CPU.StatusEffect-Initiative-CPU.effect0.Details",
    "Localization": {
      "CULTURE_EN_US": "Бонус [INVERSE_AMT] инициативы."
    }
  },
  {
    "FileName": "C:\\Games\\steamapps\\common\\BATTLETECH\\Mods\\ActivatableEquipment\\upgrades\\Gear_Cockpit_CPU.json",
    "Name": "CustomActivatableEquipment.Gear_Cockpit_CPU.StatusEffect-AcePilot-CPU.effect1.Details",
    "Localization": {
      "CULTURE_EN_US": "Позволяет двигаться после стрельбы, если движений в этом ходу не было."
    }
  },
  {
    "FileName": "C:\\Games\\steamapps\\common\\BATTLETECH\\Mods\\ActivatableEquipment\\upgrades\\Gear_Cockpit_CPU.json",
    "Name": "CustomActivatableEquipment.Gear_Cockpit_CPU.StatusEffect-Bulwark-CPU.effect2.Details",
    "Localization": {
      "CULTURE_EN_US": "PASSIVE: COVER and GUARDED states both provide 40% damage reduction rather than 20% damage reduction. COVER and GUARDED together provide 60% damage reduction."
    }
  },
  {
    "FileName": "C:\\Games\\steamapps\\common\\BATTLETECH\\Mods\\ActivatableEquipment\\upgrades\\Gear_Cockpit_CPU.json",
    "Name": "CustomActivatableEquipment.Gear_Cockpit_CPU.StatusEffect-Spotting_Gain-T3.effect3.Details",
    "Localization": {
      "CULTURE_EN_US": "Increases spotting distance by [AMT]m."
    }
  },
  {
    "FileName": "C:\\Games\\steamapps\\common\\BATTLETECH\\Mods\\ActivatableEquipment\\upgrades\\Gear_Cockpit_CPU.json",
    "Name": "CustomActivatableEquipment.Gear_Cockpit_CPU.StatusEffect-Morale_Gain-T3.effect4.Details",
    "Localization": {
      "CULTURE_EN_US": "Provides a [AMT] bonus to actions that generate Morale."
    }
  },
  {
    "FileName": "C:\\Games\\steamapps\\common\\BATTLETECH\\Mods\\ActivatableEquipment\\upgrades\\Gear_CoolingPod.json",
    "Name": "CustomActivatableEquipment.Gear_CoolingPod.UIName",
    "Localization": {
      "CULTURE_EN_US": "Cooling pod"
    }
  },
  {
    "FileName": "C:\\Games\\steamapps\\common\\BATTLETECH\\Mods\\ActivatableEquipment\\upgrades\\Gear_CoolingPod.json",
    "Name": "CustomActivatableEquipment.Gear_CoolingPod.Name",
    "Localization": {
      "CULTURE_EN_US": "Cooling pod"
    }
  },
  {
    "FileName": "C:\\Games\\steamapps\\common\\BATTLETECH\\Mods\\ActivatableEquipment\\upgrades\\Gear_CoolingPod.json",
    "Name": "CustomActivatableEquipment.Gear_CoolingPod.Details",
    "Localization": {
      "CULTURE_EN_US": "Cooling pod"
    }
  },
  {
    "FileName": "C:\\Games\\steamapps\\common\\BATTLETECH\\Mods\\ActivatableEquipment\\upgrades\\Gear_CoolingPod.json",
    "Name": "CustomActivatableEquipment.Gear_CoolingPod.CoolantPod.CAE0.Name",
    "Localization": {
      "CULTURE_EN_US": "COOLANT Pod"
    }
  },
  {
    "FileName": "C:\\Games\\steamapps\\common\\BATTLETECH\\Mods\\ActivatableEquipment\\upgrades\\Gear_CoolingPod.json",
    "Name": "CustomActivatableEquipment.Gear_CoolingPod.CoolantPod.CAE0.Details",
    "Localization": {
      "CULTURE_EN_US": "Remove 50 extra heat."
    }
  },
  {
    "FileName": "C:\\Games\\steamapps\\common\\BATTLETECH\\Mods\\ActivatableEquipment\\upgrades\\Gear_CutArm.json",
    "Name": "CustomActivatableEquipment.Gear_CutArm.UIName",
    "Localization": {
      "CULTURE_EN_US": "Cut Right Arm"
    }
  },
  {
    "FileName": "C:\\Games\\steamapps\\common\\BATTLETECH\\Mods\\ActivatableEquipment\\upgrades\\Gear_CutArm.json",
    "Name": "CustomActivatableEquipment.Gear_CutArm.Name",
    "Localization": {
      "CULTURE_EN_US": "Cut Right Arm"
    }
  },
  {
    "FileName": "C:\\Games\\steamapps\\common\\BATTLETECH\\Mods\\ActivatableEquipment\\upgrades\\Gear_CutArm.json",
    "Name": "CustomActivatableEquipment.Gear_CutArm.Details",
    "Localization": {
      "CULTURE_EN_US": "Cutoff Right Arm"
    }
  },
  {
    "FileName": "C:\\Games\\steamapps\\common\\BATTLETECH\\Mods\\ActivatableEquipment\\upgrades\\Gear_ECM.json",
    "Name": "CustomActivatableEquipment.Gear_ECM.UIName",
    "Localization": {
      "CULTURE_EN_US": "ECM"
    }
  },
  {
    "FileName": "C:\\Games\\steamapps\\common\\BATTLETECH\\Mods\\ActivatableEquipment\\upgrades\\Gear_ECM.json",
    "Name": "CustomActivatableEquipment.Gear_ECM.Name",
    "Localization": {
      "CULTURE_EN_US": "ECM"
    }
  },
  {
    "FileName": "C:\\Games\\steamapps\\common\\BATTLETECH\\Mods\\ActivatableEquipment\\upgrades\\Gear_ECM.json",
    "Name": "CustomActivatableEquipment.Gear_ECM.Details",
    "Localization": {
      "CULTURE_EN_US": "ECM"
    }
  },
  {
    "FileName": "C:\\Games\\steamapps\\common\\BATTLETECH\\Mods\\ActivatableEquipment\\upgrades\\Gear_ECM.json",
    "Name": "CustomActivatableEquipment.Gear_ECM.ECMEffect_IndirectImmunity.CAE0.Name",
    "Localization": {
      "CULTURE_EN_US": "ECM MISSILE DEFENSE"
    }
  },
  {
    "FileName": "C:\\Games\\steamapps\\common\\BATTLETECH\\Mods\\ActivatableEquipment\\upgrades\\Gear_ECM.json",
    "Name": "CustomActivatableEquipment.Gear_ECM.ECMEffect_MissileDefense.CAE1.Name",
    "Localization": {
      "CULTURE_EN_US": "ECM MISSILE DEFENSE"
    }
  },
  {
    "FileName": "C:\\Games\\steamapps\\common\\BATTLETECH\\Mods\\ActivatableEquipment\\upgrades\\Gear_ECM.json",
    "Name": "CustomActivatableEquipment.Gear_ECM.ECMStealth_GhostEffect_Allies.CAE2.Name",
    "Localization": {
      "CULTURE_EN_US": "STEALTH CHARGE"
    }
  },
  {
    "FileName": "C:\\Games\\steamapps\\common\\BATTLETECH\\Mods\\ActivatableEquipment\\upgrades\\Gear_ECM.json",
    "Name": "CustomActivatableEquipment.Gear_ECM.ECMStealth_GhostEffect.CAE3.Name",
    "Localization": {
      "CULTURE_EN_US": "ECM CARRIER"
    }
  },
  {
    "FileName": "C:\\Games\\steamapps\\common\\BATTLETECH\\Mods\\ActivatableEquipment\\upgrades\\Gear_ECM.json",
    "Name": "CustomActivatableEquipment.Gear_ECM.ECMCounter_GhostSpotterEffect.CAE4.Name",
    "Localization": {
      "CULTURE_EN_US": "STEALTH SPOTTER"
    }
  },
  {
    "FileName": "C:\\Games\\steamapps\\common\\BATTLETECH\\Mods\\ActivatableEquipment\\upgrades\\Gear_ECM.json",
    "Name": "CustomActivatableEquipment.Gear_ECM.ActiveProbe_Ping.CAE5.Name",
    "Localization": {
      "CULTURE_EN_US": "ACTIVE PROBE PING"
    }
  },
  {
    "FileName": "C:\\Games\\steamapps\\common\\BATTLETECH\\Mods\\ActivatableEquipment\\upgrades\\Gear_ECM.json",
    "Name": "CustomActivatableEquipment.Gear_ECM.ECMEffect_IndirectImmunity.CAE0.Details",
    "Localization": {
      "CULTURE_EN_US": "Friendly units within an ECM field gain +[AMT] Difficulty to missile attacks against them and immunity to Indirect Fire. Being Sensor Locked removes this effect."
    }
  },
  {
    "FileName": "C:\\Games\\steamapps\\common\\BATTLETECH\\Mods\\ActivatableEquipment\\upgrades\\Gear_ECM.json",
    "Name": "CustomActivatableEquipment.Gear_ECM.ECMEffect_MissileDefense.CAE1.Details",
    "Localization": {
      "CULTURE_EN_US": "Friendly units within an ECM field gain +[AMT] Difficulty to missile attacks against them and immunity to Indirect Fire. Being Sensor Locked removes this effect."
    }
  },
  {
    "FileName": "C:\\Games\\steamapps\\common\\BATTLETECH\\Mods\\ActivatableEquipment\\upgrades\\Gear_ECM.json",
    "Name": "CustomActivatableEquipment.Gear_ECM.ECMStealth_GhostEffect_Allies.CAE2.Details",
    "Localization": {
      "CULTURE_EN_US": "Units within an ECM field gain a Stealth Charge�and cannot be targeted.\n\nFiring a weapon, using an activated ability, or an enemy penetrating the ECM field removes a Stealth Charge. Being Sensor Locked removes all Stealth Charges."
    }
  },
  {
    "FileName": "C:\\Games\\steamapps\\common\\BATTLETECH\\Mods\\ActivatableEquipment\\upgrades\\Gear_ECM.json",
    "Name": "CustomActivatableEquipment.Gear_ECM.ECMStealth_GhostEffect.CAE3.Details",
    "Localization": {
      "CULTURE_EN_US": "PASSIVE: The ECM carrier projects an ECM field, building Stealth Charges for itself and allies if it starts or ends its turn with no active enemy units within the field.\n\nECM carriers also receive a bonus Stealth Charge."
    }
  },
  {
    "FileName": "C:\\Games\\steamapps\\common\\BATTLETECH\\Mods\\ActivatableEquipment\\upgrades\\Gear_ECM.json",
    "Name": "CustomActivatableEquipment.Gear_ECM.ECMCounter_GhostSpotterEffect.CAE4.Details",
    "Localization": {
      "CULTURE_EN_US": "This unit is spotting against an enemy ECM field, reducing Stealth Charges by 1 each round for all visible enemies within the field."
    }
  },
  {
    "FileName": "C:\\Games\\steamapps\\common\\BATTLETECH\\Mods\\ActivatableEquipment\\upgrades\\Gear_ECM.json",
    "Name": "CustomActivatableEquipment.Gear_ECM.ActiveProbe_Ping.CAE5.Details",
    "Localization": {
      "CULTURE_EN_US": "Activated ability (uses Firing action). Performs a Sensor Lock against all enemies within its radius, as indicated by the spinning gold ring. Will go into cooldown state after use."
    }
  },
  {
    "FileName": "C:\\Games\\steamapps\\common\\BATTLETECH\\Mods\\ActivatableEquipment\\upgrades\\Gear_EngineCore.json",
    "Name": "CustomActivatableEquipment.Gear_EngineCore.UIName",
    "Localization": {
      "CULTURE_EN_US": "TestEngineCore"
    }
  },
  {
    "FileName": "C:\\Games\\steamapps\\common\\BATTLETECH\\Mods\\ActivatableEquipment\\upgrades\\Gear_EngineCore.json",
    "Name": "CustomActivatableEquipment.Gear_EngineCore.Name",
    "Localization": {
      "CULTURE_EN_US": "Test Engine Core"
    }
  },
  {
    "FileName": "C:\\Games\\steamapps\\common\\BATTLETECH\\Mods\\ActivatableEquipment\\upgrades\\Gear_EngineCore.json",
    "Name": "CustomActivatableEquipment.Gear_EngineCore.Details",
    "Localization": {
      "CULTURE_EN_US": "Test Engine Core"
    }
  },
  {
    "FileName": "C:\\Games\\steamapps\\common\\BATTLETECH\\Mods\\ActivatableEquipment\\upgrades\\Gear_EngineCore.json",
    "Name": "CustomActivatableEquipment.Gear_EngineCore.Effect_MortarAttackInitiativeReduced.Expl0.Name",
    "Localization": {
      "CULTURE_EN_US": "NUCLEAR BLAST AFFECTING INITIATIVE"
    }
  },
  {
    "FileName": "C:\\Games\\steamapps\\common\\BATTLETECH\\Mods\\ActivatableEquipment\\upgrades\\Gear_EngineCore.json",
    "Name": "CustomActivatableEquipment.Gear_EngineCore.Effect_MortarAttackAccuracyReduced.Expl1.Name",
    "Localization": {
      "CULTURE_EN_US": "NUCLEAR BLAST AFFECTING ACCURACY"
    }
  },
  {
    "FileName": "C:\\Games\\steamapps\\common\\BATTLETECH\\Mods\\ActivatableEquipment\\upgrades\\Gear_EngineCore.json",
    "Name": "CustomActivatableEquipment.Gear_EngineCore.DesignMaskRadiation.Expl2.Name",
    "Localization": {
      "CULTURE_EN_US": "RADIATION"
    }
  },
  {
    "FileName": "C:\\Games\\steamapps\\common\\BATTLETECH\\Mods\\ActivatableEquipment\\upgrades\\Gear_EngineCore.json",
    "Name": "CustomActivatableEquipment.Gear_EngineCore.Effect_MortarAttackInitiativeReduced.Expl0.Details",
    "Localization": {
      "CULTURE_EN_US": "English description"
    }
  },
  {
    "FileName": "C:\\Games\\steamapps\\common\\BATTLETECH\\Mods\\ActivatableEquipment\\upgrades\\Gear_EngineCore.json",
    "Name": "CustomActivatableEquipment.Gear_EngineCore.Effect_MortarAttackAccuracyReduced.Expl1.Details",
    "Localization": {
      "CULTURE_EN_US": "English description"
    }
  },
  {
    "FileName": "C:\\Games\\steamapps\\common\\BATTLETECH\\Mods\\ActivatableEquipment\\upgrades\\Gear_EngineCore.json",
    "Name": "CustomActivatableEquipment.Gear_EngineCore.DesignMaskRadiation.Expl2.Details",
    "Localization": {
      "CULTURE_EN_US": "Вторичная радиация от взрыва вызывает проблемы в системе охлаждения. Штраф к способности теплорассеивания [AMT]."
    }
  },
  {
    "FileName": "C:\\Games\\steamapps\\common\\BATTLETECH\\Mods\\ActivatableEquipment\\upgrades\\Gear_EngineType.json",
    "Name": "CustomActivatableEquipment.Gear_EngineType.UIName",
    "Localization": {
      "CULTURE_EN_US": "TestEngineType"
    }
  },
  {
    "FileName": "C:\\Games\\steamapps\\common\\BATTLETECH\\Mods\\ActivatableEquipment\\upgrades\\Gear_EngineType.json",
    "Name": "CustomActivatableEquipment.Gear_EngineType.Name",
    "Localization": {
      "CULTURE_EN_US": "Test Engine Type"
    }
  },
  {
    "FileName": "C:\\Games\\steamapps\\common\\BATTLETECH\\Mods\\ActivatableEquipment\\upgrades\\Gear_EngineType.json",
    "Name": "CustomActivatableEquipment.Gear_EngineType.Details",
    "Localization": {
      "CULTURE_EN_US": "Test Engine Type"
    }
  },
  {
    "FileName": "C:\\Games\\steamapps\\common\\BATTLETECH\\Mods\\ActivatableEquipment\\upgrades\\Gear_EngineType.json",
    "Name": "CustomActivatableEquipment.Gear_EngineType.StatusEffect-CoreProtectVFX.CAE0.Name",
    "Localization": {
      "CULTURE_EN_US": "ENGINE CORE PROTECTED"
    }
  },
  {
    "FileName": "C:\\Games\\steamapps\\common\\BATTLETECH\\Mods\\ActivatableEquipment\\upgrades\\Gear_EngineType.json",
    "Name": "CustomActivatableEquipment.Gear_EngineType.StatusEffect-CoreProtectDamage.CAE1.Name",
    "Localization": {
      "CULTURE_EN_US": "ENGINE CORE PROTECTED"
    }
  },
  {
    "FileName": "C:\\Games\\steamapps\\common\\BATTLETECH\\Mods\\ActivatableEquipment\\upgrades\\Gear_EngineType.json",
    "Name": "CustomActivatableEquipment.Gear_EngineType.StatusEffect-CoreProtectStatusEffects.CAE2.Name",
    "Localization": {
      "CULTURE_EN_US": "ENGINE CORE PROTECTED"
    }
  },
  {
    "FileName": "C:\\Games\\steamapps\\common\\BATTLETECH\\Mods\\ActivatableEquipment\\upgrades\\Gear_EngineType.json",
    "Name": "CustomActivatableEquipment.Gear_EngineType.StatusEffect-CoreProtectVFX.CAE0.Details",
    "Localization": {
      "CULTURE_EN_US": "Protect engine core"
    }
  },
  {
    "FileName": "C:\\Games\\steamapps\\common\\BATTLETECH\\Mods\\ActivatableEquipment\\upgrades\\Gear_EngineType.json",
    "Name": "CustomActivatableEquipment.Gear_EngineType.StatusEffect-CoreProtectDamage.CAE1.Details",
    "Localization": {
      "CULTURE_EN_US": "Protect engine core"
    }
  },
  {
    "FileName": "C:\\Games\\steamapps\\common\\BATTLETECH\\Mods\\ActivatableEquipment\\upgrades\\Gear_EngineType.json",
    "Name": "CustomActivatableEquipment.Gear_EngineType.StatusEffect-CoreProtectStatusEffects.CAE2.Details",
    "Localization": {
      "CULTURE_EN_US": "Protect engine core"
    }
  },
  {
    "FileName": "C:\\Games\\steamapps\\common\\BATTLETECH\\Mods\\ActivatableEquipment\\upgrades\\Gear_EngineType.json",
    "Name": "CustomActivatableEquipment.Gear_EngineType.DesignMaskRadiation.Expl0.Name",
    "Localization": {
      "CULTURE_EN_US": "RADIATION"
    }
  },
  {
    "FileName": "C:\\Games\\steamapps\\common\\BATTLETECH\\Mods\\ActivatableEquipment\\upgrades\\Gear_EngineType.json",
    "Name": "CustomActivatableEquipment.Gear_EngineType.DesignMaskRadiation.Expl0.Details",
    "Localization": {
      "CULTURE_EN_US": "Вторичная радиация от взрыва вызывает проблемы в системе охлаждения. Штраф к способности теплорассеивания [AMT]."
    }
  },
  {
    "FileName": "C:\\Games\\steamapps\\common\\BATTLETECH\\Mods\\ActivatableEquipment\\upgrades\\Gear_Harjel.json",
    "Name": "CustomActivatableEquipment.Gear_Harjel.UIName",
    "Localization": {
      "CULTURE_EN_US": "Harjel"
    }
  },
  {
    "FileName": "C:\\Games\\steamapps\\common\\BATTLETECH\\Mods\\ActivatableEquipment\\upgrades\\Gear_Harjel.json",
    "Name": "CustomActivatableEquipment.Gear_Harjel.Name",
    "Localization": {
      "CULTURE_EN_US": "Harjel"
    }
  },
  {
    "FileName": "C:\\Games\\steamapps\\common\\BATTLETECH\\Mods\\ActivatableEquipment\\upgrades\\Gear_Harjel.json",
    "Name": "CustomActivatableEquipment.Gear_Harjel.Details",
    "Localization": {
      "CULTURE_EN_US": "Harjel"
    }
  },
  {
    "FileName": "C:\\Games\\steamapps\\common\\BATTLETECH\\Mods\\ActivatableEquipment\\upgrades\\Gear_MASC.json",
    "Name": "CustomActivatableEquipment.Gear_MASC.UIName",
    "Localization": {
      "CULTURE_EN_US": "M.A.S.C.(IS) Assault"
    }
  },
  {
    "FileName": "C:\\Games\\steamapps\\common\\BATTLETECH\\Mods\\ActivatableEquipment\\upgrades\\Gear_MASC.json",
    "Name": "CustomActivatableEquipment.Gear_MASC.Name",
    "Localization": {
      "CULTURE_EN_US": "M.A.S.C.(IS) Assault"
    }
  },
  {
    "FileName": "C:\\Games\\steamapps\\common\\BATTLETECH\\Mods\\ActivatableEquipment\\upgrades\\Gear_MASC.json",
    "Name": "CustomActivatableEquipment.Gear_MASC.Details",
    "Localization": {
      "CULTURE_EN_US": "Myomer Accelerator Signal Circuitry Inner Sphere Assault"
    }
  },
  {
    "FileName": "C:\\Games\\steamapps\\common\\BATTLETECH\\Mods\\ActivatableEquipment\\upgrades\\Gear_MASC.json",
    "Name": "CustomActivatableEquipment.Gear_MASC.StatusEffect-MASC-WalkSpeedDouble.CAE0.Name",
    "Localization": {
      "CULTURE_EN_US": "MASC DOUBLE SPEED"
    }
  },
  {
    "FileName": "C:\\Games\\steamapps\\common\\BATTLETECH\\Mods\\ActivatableEquipment\\upgrades\\Gear_MASC.json",
    "Name": "CustomActivatableEquipment.Gear_MASC.StatusEffect-MASC-RunSpeedDouble.CAE1.Name",
    "Localization": {
      "CULTURE_EN_US": "MASC DOUBLE SPEED"
    }
  },
  {
    "FileName": "C:\\Games\\steamapps\\common\\BATTLETECH\\Mods\\ActivatableEquipment\\upgrades\\Gear_MASC.json",
    "Name": "CustomActivatableEquipment.Gear_MASC.StatusEffect-MASC-WalkSpeedDouble.CAE0.Details",
    "Localization": {
      "CULTURE_EN_US": "Speed doubled"
    }
  },
  {
    "FileName": "C:\\Games\\steamapps\\common\\BATTLETECH\\Mods\\ActivatableEquipment\\upgrades\\Gear_MASC.json",
    "Name": "CustomActivatableEquipment.Gear_MASC.StatusEffect-MASC-RunSpeedDouble.CAE1.Details",
    "Localization": {
      "CULTURE_EN_US": "Speed doubled"
    }
  },
  {
    "FileName": "C:\\Games\\steamapps\\common\\BATTLETECH\\Mods\\ActivatableEquipment\\upgrades\\Gear_Sensor_Prototype_EWE3.json",
    "Name": "CustomActivatableEquipment.Gear_Sensor_Prototype_EWE3.UIName",
    "Localization": {
      "CULTURE_EN_US": "X-3 EW Equipment"
    }
  },
  {
    "FileName": "C:\\Games\\steamapps\\common\\BATTLETECH\\Mods\\ActivatableEquipment\\upgrades\\Gear_Sensor_Prototype_EWE3.json",
    "Name": "CustomActivatableEquipment.Gear_Sensor_Prototype_EWE3.Name",
    "Localization": {
      "CULTURE_EN_US": "EW SUITE (Prototype)"
    }
  },
  {
    "FileName": "C:\\Games\\steamapps\\common\\BATTLETECH\\Mods\\ActivatableEquipment\\upgrades\\Gear_Sensor_Prototype_EWE3.json",
    "Name": "CustomActivatableEquipment.Gear_Sensor_Prototype_EWE3.Details",
    "Localization": {
      "CULTURE_EN_US": "Prototype Electronic Warfare component. Adds an ECM field that provides a passive defence against missiles and immunity to indirect fire. Friendly units in the ECM field also gain Stealth Charges and cannot be targeted by direct fire unless spotted by enemy units within the ECM field or sensor locked. The ECM carrier gains an additional Stealth Charge.\n\nThe EW Suite also adds the Active Probe ability to unit's weapons panel. Active Probe is a triggered ability that uses the firing action and performs a Sensor Lock against all enemies within range. Note: you can only equip one Prototype component on most Mechs."
    }
  },
  {
    "FileName": "C:\\Games\\steamapps\\common\\BATTLETECH\\Mods\\ActivatableEquipment\\upgrades\\Gear_Sensor_Prototype_EWE3.json",
    "Name": "CustomActivatableEquipment.Gear_Sensor_Prototype_EWE3.ActiveProbe_Ping.effect0.Name",
    "Localization": {
      "CULTURE_EN_US": "ACTIVE PROBE PING"
    }
  },
  {
    "FileName": "C:\\Games\\steamapps\\common\\BATTLETECH\\Mods\\ActivatableEquipment\\upgrades\\Gear_Sensor_Prototype_EWE3.json",
    "Name": "CustomActivatableEquipment.Gear_Sensor_Prototype_EWE3.ActiveProbe_Ping.effect0.Details",
    "Localization": {
      "CULTURE_EN_US": "Activated ability (uses Firing action). Performs a Sensor Lock against all enemies within its radius, as indicated by the spinning gold ring. Will go into cooldown state after use."
    }
  },
  {
    "FileName": "C:\\Games\\steamapps\\common\\BATTLETECH\\Mods\\ActivatableEquipment\\upgrades\\Gear_Sensor_Prototype_EWE3.json",
    "Name": "CustomActivatableEquipment.Gear_Sensor_Prototype_EWE3.ECMEffect_IndirectImmunity.CAE0.Name",
    "Localization": {
      "CULTURE_EN_US": "ECM MISSILE DEFENSE"
    }
  },
  {
    "FileName": "C:\\Games\\steamapps\\common\\BATTLETECH\\Mods\\ActivatableEquipment\\upgrades\\Gear_Sensor_Prototype_EWE3.json",
    "Name": "CustomActivatableEquipment.Gear_Sensor_Prototype_EWE3.ECMEffect_MissileDefense.CAE1.Name",
    "Localization": {
      "CULTURE_EN_US": "ECM MISSILE DEFENSE"
    }
  },
  {
    "FileName": "C:\\Games\\steamapps\\common\\BATTLETECH\\Mods\\ActivatableEquipment\\upgrades\\Gear_Sensor_Prototype_EWE3.json",
    "Name": "CustomActivatableEquipment.Gear_Sensor_Prototype_EWE3.ECMStealth_GhostEffect_Allies.CAE2.Name",
    "Localization": {
      "CULTURE_EN_US": "STEALTH CHARGE"
    }
  },
  {
    "FileName": "C:\\Games\\steamapps\\common\\BATTLETECH\\Mods\\ActivatableEquipment\\upgrades\\Gear_Sensor_Prototype_EWE3.json",
    "Name": "CustomActivatableEquipment.Gear_Sensor_Prototype_EWE3.ECMStealth_GhostEffect.CAE3.Name",
    "Localization": {
      "CULTURE_EN_US": "ECM CARRIER"
    }
  },
  {
    "FileName": "C:\\Games\\steamapps\\common\\BATTLETECH\\Mods\\ActivatableEquipment\\upgrades\\Gear_Sensor_Prototype_EWE3.json",
    "Name": "CustomActivatableEquipment.Gear_Sensor_Prototype_EWE3.ECMCounter_GhostSpotterEffect.CAE4.Name",
    "Localization": {
      "CULTURE_EN_US": "STEALTH SPOTTER"
    }
  },
  {
    "FileName": "C:\\Games\\steamapps\\common\\BATTLETECH\\Mods\\ActivatableEquipment\\upgrades\\Gear_Sensor_Prototype_EWE3.json",
    "Name": "CustomActivatableEquipment.Gear_Sensor_Prototype_EWE3.ECMEffect_IndirectImmunity.CAE0.Details",
    "Localization": {
      "CULTURE_EN_US": "Friendly units within an ECM field gain +[AMT] Difficulty to missile attacks against them and immunity to Indirect Fire. Being Sensor Locked removes this effect."
    }
  },
  {
    "FileName": "C:\\Games\\steamapps\\common\\BATTLETECH\\Mods\\ActivatableEquipment\\upgrades\\Gear_Sensor_Prototype_EWE3.json",
    "Name": "CustomActivatableEquipment.Gear_Sensor_Prototype_EWE3.ECMEffect_MissileDefense.CAE1.Details",
    "Localization": {
      "CULTURE_EN_US": "Friendly units within an ECM field gain +[AMT] Difficulty to missile attacks against them and immunity to Indirect Fire. Being Sensor Locked removes this effect."
    }
  },
  {
    "FileName": "C:\\Games\\steamapps\\common\\BATTLETECH\\Mods\\ActivatableEquipment\\upgrades\\Gear_Sensor_Prototype_EWE3.json",
    "Name": "CustomActivatableEquipment.Gear_Sensor_Prototype_EWE3.ECMStealth_GhostEffect_Allies.CAE2.Details",
    "Localization": {
      "CULTURE_EN_US": "Units within an ECM field gain a Stealth Charge and cannot be targeted.\n\nFiring a weapon, using an activated ability, or an enemy penetrating the ECM field removes a Stealth Charge. Being Sensor Locked removes all Stealth Charges."
    }
  },
  {
    "FileName": "C:\\Games\\steamapps\\common\\BATTLETECH\\Mods\\ActivatableEquipment\\upgrades\\Gear_Sensor_Prototype_EWE3.json",
    "Name": "CustomActivatableEquipment.Gear_Sensor_Prototype_EWE3.ECMStealth_GhostEffect.CAE3.Details",
    "Localization": {
      "CULTURE_EN_US": "PASSIVE: The ECM carrier projects an ECM field, building Stealth Charges for itself and allies if it starts or ends its turn with no active enemy units within the field.\n\nECM carriers also receive a bonus Stealth Charge."
    }
  },
  {
    "FileName": "C:\\Games\\steamapps\\common\\BATTLETECH\\Mods\\ActivatableEquipment\\upgrades\\Gear_Sensor_Prototype_EWE3.json",
    "Name": "CustomActivatableEquipment.Gear_Sensor_Prototype_EWE3.ECMCounter_GhostSpotterEffect.CAE4.Details",
    "Localization": {
      "CULTURE_EN_US": "This unit is spotting against an enemy ECM field, reducing Stealth Charges by 1 each round for all visible enemies within the field."
    }
  },
  {
    "FileName": "C:\\Games\\steamapps\\common\\BATTLETECH\\Mods\\ActivatableEquipment\\upgrades\\Gear_SpeedBooster.json",
    "Name": "CustomActivatableEquipment.Gear_SpeedBooster.UIName",
    "Localization": {
      "CULTURE_EN_US": "Ferrum fibres"
    }
  },
  {
    "FileName": "C:\\Games\\steamapps\\common\\BATTLETECH\\Mods\\ActivatableEquipment\\upgrades\\Gear_SpeedBooster.json",
    "Name": "CustomActivatableEquipment.Gear_SpeedBooster.Name",
    "Localization": {
      "CULTURE_EN_US": "Ferrum fibres"
    }
  },
  {
    "FileName": "C:\\Games\\steamapps\\common\\BATTLETECH\\Mods\\ActivatableEquipment\\upgrades\\Gear_SpeedBooster.json",
    "Name": "CustomActivatableEquipment.Gear_SpeedBooster.Details",
    "Localization": {
      "CULTURE_EN_US": "English description"
    }
  },
  {
    "FileName": "C:\\Games\\steamapps\\common\\BATTLETECH\\Mods\\ActivatableEquipment\\upgrades\\Gear_SpeedBooster.json",
    "Name": "CustomActivatableEquipment.Gear_SpeedBooster.StatusEffect-MASC-WalkSpeedDouble.CAE0.Name",
    "Localization": {
      "CULTURE_EN_US": "DOUBLE SPEED"
    }
  },
  {
    "FileName": "C:\\Games\\steamapps\\common\\BATTLETECH\\Mods\\ActivatableEquipment\\upgrades\\Gear_SpeedBooster.json",
    "Name": "CustomActivatableEquipment.Gear_SpeedBooster.StatusEffect-MASC-RunSpeedDouble.CAE1.Name",
    "Localization": {
      "CULTURE_EN_US": "DOUBLE SPEED"
    }
  },
  {
    "FileName": "C:\\Games\\steamapps\\common\\BATTLETECH\\Mods\\ActivatableEquipment\\upgrades\\Gear_SpeedBooster.json",
    "Name": "CustomActivatableEquipment.Gear_SpeedBooster.StatusEffect-MASC-WalkSpeedDouble.CAE0.Details",
    "Localization": {
      "CULTURE_EN_US": "Speed doubled"
    }
  },
  {
    "FileName": "C:\\Games\\steamapps\\common\\BATTLETECH\\Mods\\ActivatableEquipment\\upgrades\\Gear_SpeedBooster.json",
    "Name": "CustomActivatableEquipment.Gear_SpeedBooster.StatusEffect-MASC-RunSpeedDouble.CAE1.Details",
    "Localization": {
      "CULTURE_EN_US": "Speed doubled"
    }
  },
  {
    "FileName": "C:\\Games\\steamapps\\common\\BATTLETECH\\Mods\\ActivatableEquipment\\upgrades\\Gear_TargetModule.json",
    "Name": "CustomActivatableEquipment.Gear_TargetModule.UIName",
    "Localization": {
      "CULTURE_EN_US": "Target module"
    }
  },
  {
    "FileName": "C:\\Games\\steamapps\\common\\BATTLETECH\\Mods\\ActivatableEquipment\\upgrades\\Gear_TargetModule.json",
    "Name": "CustomActivatableEquipment.Gear_TargetModule.Name",
    "Localization": {
      "CULTURE_EN_US": "Target module"
    }
  },
  {
    "FileName": "C:\\Games\\steamapps\\common\\BATTLETECH\\Mods\\ActivatableEquipment\\upgrades\\Gear_TargetModule.json",
    "Name": "CustomActivatableEquipment.Gear_TargetModule.Details",
    "Localization": {
      "CULTURE_EN_US": "Target module"
    }
  },
  {
    "FileName": "C:\\Games\\steamapps\\common\\BATTLETECH\\Mods\\ActivatableEquipment\\upgrades\\Gear_TargetModule.json",
    "Name": "CustomActivatableEquipment.Gear_TargetModule.TargetModuleLongRangeMRDebuff.CAE0.Name",
    "Localization": {
      "CULTURE_EN_US": "Long range"
    }
  },
  {
    "FileName": "C:\\Games\\steamapps\\common\\BATTLETECH\\Mods\\ActivatableEquipment\\upgrades\\Gear_TargetModule.json",
    "Name": "CustomActivatableEquipment.Gear_TargetModule.TargetModuleLongRangeSRDebuff.CAE1.Name",
    "Localization": {
      "CULTURE_EN_US": "Long range"
    }
  },
  {
    "FileName": "C:\\Games\\steamapps\\common\\BATTLETECH\\Mods\\ActivatableEquipment\\upgrades\\Gear_TargetModule.json",
    "Name": "CustomActivatableEquipment.Gear_TargetModule.TargetModuleLongRangeLRBuff.CAE2.Name",
    "Localization": {
      "CULTURE_EN_US": "Long range"
    }
  },
  {
    "FileName": "C:\\Games\\steamapps\\common\\BATTLETECH\\Mods\\ActivatableEquipment\\upgrades\\Gear_TargetModule.json",
    "Name": "CustomActivatableEquipment.Gear_TargetModule.TargetModuleLongRangeMRDebuff.CAE0.Details",
    "Localization": {
      "CULTURE_EN_US": "Long range."
    }
  },
  {
    "FileName": "C:\\Games\\steamapps\\common\\BATTLETECH\\Mods\\ActivatableEquipment\\upgrades\\Gear_TargetModule.json",
    "Name": "CustomActivatableEquipment.Gear_TargetModule.TargetModuleLongRangeSRDebuff.CAE1.Details",
    "Localization": {
      "CULTURE_EN_US": "Long range."
    }
  },
  {
    "FileName": "C:\\Games\\steamapps\\common\\BATTLETECH\\Mods\\ActivatableEquipment\\upgrades\\Gear_TargetModule.json",
    "Name": "CustomActivatableEquipment.Gear_TargetModule.TargetModuleLongRangeLRBuff.CAE2.Details",
    "Localization": {
      "CULTURE_EN_US": "Long range."
    }
  },
  {
    "FileName": "C:\\Games\\steamapps\\common\\BATTLETECH\\Mods\\ActivatableEquipment\\upgrades\\Gear_TargetModule.json",
    "Name": "CustomActivatableEquipment.Gear_TargetModule.TargetModuleLongRangeLRDebuff.CAEOFF0.Name",
    "Localization": {
      "CULTURE_EN_US": "Long range"
    }
  },
  {
    "FileName": "C:\\Games\\steamapps\\common\\BATTLETECH\\Mods\\ActivatableEquipment\\upgrades\\Gear_TargetModule.json",
    "Name": "CustomActivatableEquipment.Gear_TargetModule.TargetModuleLongRangeLRDebuff.CAEOFF0.Details",
    "Localization": {
      "CULTURE_EN_US": "Long range."
    }
  },
  {
    "FileName": "C:\\Games\\steamapps\\common\\BATTLETECH\\Mods\\ActivatableEquipment\\upgrades\\Gear_TSM.json",
    "Name": "CustomActivatableEquipment.Gear_TSM.UIName",
    "Localization": {
      "CULTURE_EN_US": "TSM"
    }
  },
  {
    "FileName": "C:\\Games\\steamapps\\common\\BATTLETECH\\Mods\\ActivatableEquipment\\upgrades\\Gear_TSM.json",
    "Name": "CustomActivatableEquipment.Gear_TSM.Name",
    "Localization": {
      "CULTURE_EN_US": "TSM"
    }
  },
  {
    "FileName": "C:\\Games\\steamapps\\common\\BATTLETECH\\Mods\\ActivatableEquipment\\upgrades\\Gear_TSM.json",
    "Name": "CustomActivatableEquipment.Gear_TSM.Details",
    "Localization": {
      "CULTURE_EN_US": "Triple Strength Myomer"
    }
  },
  {
    "FileName": "C:\\Games\\steamapps\\common\\BATTLETECH\\Mods\\ActivatableEquipment\\upgrades\\Gear_TSM.json",
    "Name": "CustomActivatableEquipment.Gear_TSM.StatusEffect-MeleeWeapon-TSM.CAE0.Name",
    "Localization": {
      "CULTURE_EN_US": "Melee DAMAGE DOUBLED"
    }
  },
  {
    "FileName": "C:\\Games\\steamapps\\common\\BATTLETECH\\Mods\\ActivatableEquipment\\upgrades\\Gear_TSM.json",
    "Name": "CustomActivatableEquipment.Gear_TSM.StatusEffect-TSM-WalkSpeedDouble.CAE1.Name",
    "Localization": {
      "CULTURE_EN_US": "TSM DOUBLE SPEED"
    }
  },
  {
    "FileName": "C:\\Games\\steamapps\\common\\BATTLETECH\\Mods\\ActivatableEquipment\\upgrades\\Gear_TSM.json",
    "Name": "CustomActivatableEquipment.Gear_TSM.StatusEffect-TSM-RunSpeedDouble.CAE2.Name",
    "Localization": {
      "CULTURE_EN_US": "TSM DOUBLE SPEED"
    }
  },
  {
    "FileName": "C:\\Games\\steamapps\\common\\BATTLETECH\\Mods\\ActivatableEquipment\\upgrades\\Gear_TSM.json",
    "Name": "CustomActivatableEquipment.Gear_TSM.StatusEffect-MeleeWeapon-TSM.CAE0.Details",
    "Localization": {
      "CULTURE_EN_US": "Melee attacks have doubled damage."
    }
  },
  {
    "FileName": "C:\\Games\\steamapps\\common\\BATTLETECH\\Mods\\ActivatableEquipment\\upgrades\\Gear_TSM.json",
    "Name": "CustomActivatableEquipment.Gear_TSM.StatusEffect-TSM-WalkSpeedDouble.CAE1.Details",
    "Localization": {
      "CULTURE_EN_US": "Speed doubled"
    }
  },
  {
    "FileName": "C:\\Games\\steamapps\\common\\BATTLETECH\\Mods\\ActivatableEquipment\\upgrades\\Gear_TSM.json",
    "Name": "CustomActivatableEquipment.Gear_TSM.StatusEffect-TSM-RunSpeedDouble.CAE2.Details",
    "Localization": {
      "CULTURE_EN_US": "Speed doubled"
    }
  },
  {
    "FileName": "",
    "Name": "CAE.SelectedTargetForbidden",
    "Localization": {
      "CULTURE_EN_US": "\nYou can't activate/deactivate equipment while having target selected"
    }
  },
  {
    "FileName": "",
    "Name": "CAE.NotAvaibleThisPhase",
    "Localization": {
      "CULTURE_EN_US": "\nNot avaible"
    }
  },
  {
    "FileName": "",
    "Name": "CAE.StandUpFail",
    "Localization": {
      "CULTURE_EN_US": "FAIL TO STAND UP"
    }
  },
  {
    "FileName": "",
    "Name": "CAE.NonFunctional",
    "Localization": {
      "CULTURE_EN_US": "NOT FUNCTIONAL"
    }
  },
  {
    "FileName": "",
    "Name": "CAE.Damaged",
    "Localization": {
      "CULTURE_EN_US": "DAMAGED"
    }
  },
  {
    "FileName": "",
    "Name": "CAE.OutOfCharges",
    "Localization": {
      "CULTURE_EN_US": "OUT OF CHARGES"
    }
  },
  {
    "FileName": "",
    "Name": "CAE.CHARGES",
    "Localization": {
      "CULTURE_EN_US": "CHARGES"
    }
  },
  {
    "FileName": "",
    "Name": "CAE.HEAT",
    "Localization": {
      "CULTURE_EN_US": "HEAT"
    }
  },
  {
    "FileName": "",
    "Name": "CAE.FAIL",
    "Localization": {
      "CULTURE_EN_US": "FAIL"
    }
  },
  {
    "FileName": "",
    "Name": "CAE.Components",
    "Localization": {
      "CULTURE_EN_US": "Components"
    }
  },
  {
    "FileName": "",
    "Name": "CAE.COMPONENTS",
    "Localization": {
      "CULTURE_EN_US": "COMPONENTS"
    }
  },
  {
    "FileName": "",
    "Name": "CAE.STATE",
    "Localization": {
      "CULTURE_EN_US": "STATE"
    }
  },
  {
    "FileName": "",
    "Name": "CAE.OPERATIONAL",
    "Localization": {
      "CULTURE_EN_US": "OPERATIONAL"
    }
  },
  {
    "FileName": "",
    "Name": "CAE.Done",
    "Localization": {
      "CULTURE_EN_US": "Done"
    }
  },
  {
    "FileName": "",
    "Name": "CAE.ReactroTooHot",
    "Localization": {
      "CULTURE_EN_US": "REACTOR IS TOO HOT FOR STARTUP"
    }
  },
  {
    "FileName": "",
    "Name": "CAE.REPAIRED",
    "Localization": {
      "CULTURE_EN_US": "REPAIRED"
    }
  },
  {
    "FileName": "",
    "Name": "CAE.REPAIRARMOR",
    "Localization": {
      "CULTURE_EN_US": "ARMOR"
    }
  },
  {
    "FileName": "",
    "Name": "CAE.REPAIRSTRUCTURE",
    "Localization": {
      "CULTURE_EN_US": "STRUCTURE"
    }
  }
]