{
	"Name": "CustomActivatableEquipment",
	"Enabled": true,

	"Version": "0.0.37",
	"PackagedOn": "2019-01-31T00:00:00Z",
	"DLL": "CustomActivatableEquipment.dll",
	"DLLEntryPoint": "CustomActivatableEquipment.Core.Init",
	"DependsOn": [ "CustomComponents", "Custom Ammo Categories" ],
	"ConflictsWith": [ ],

	"Description": "Activatable equipment",
	"Author": "KMiSSioN",
    "Website": "https://www.nexusmods.com/battletech/mods/381",
	"Settings": {
		"debug": true,
    "ToolTipWarningFailChance": 0.2,
    "ToolTipAlertFailChance": 0.4,
		"AIComponentUsefullModifyer":0.2,
		"AIComponentExtreamlyUsefulModifyer":0.4,
		"AIOffenceUsefullCoeff":0.1,
		"AIDefenceUsefullCoeff":0.2,
		"AIHeatCoeffCoeff":0.9,
		"AIOverheatCoeffCoeff":0.8,
    "StartupByHeatControl":true,
    "StartupMinHeatRatio":0.4,
    "StoodUpPilotingRoll":true,
    "StoodUpPilotingRollCoeff":0.1,
    "DefaultArmsAbsenceStoodUpMod":-0.1,
    "LegAbsenceStoodUpMod":-0.1,
    "auraUpdateFix":"Never",
    "auraUpdateMinTimeDelta":2,
    "auraUpdateMinPosDelta":20
	},
	"Manifest": [
		{ "Type": "UpgradeDef", "Path": "upgrades\\" }
  ]
}