{
    "Category" : "Ballistic",
    "Type" : "Autocannon",
    "WeaponSubType" : "AC10",
    "MinRange" : 0,
    "MaxRange" : 450,
    "RangeSplit" : [
        300,
        300,
        450
    ],
    "AmmoCategory" : "AC10",
    "StartingAmmoCapacity" : 0,
    "HeatGenerated" : 12,
    "Damage" : 60,
    "OverheatedDamageMultiplier" : 0,
    "EvasiveDamageMultiplier" : 0,
    "EvasivePipsIgnored" : 0,
    "DamageVariance" : 0,
    "HeatDamage" : 0,
    "AccuracyModifier" : 0,
    "CriticalChanceMultiplier" : 1,
    "AOECapable" : false,
    "IndirectFireCapable" : true,
    "RefireModifier" : 2,
    "ShotsWhenFired" : 1,
    "ProjectilesPerShot" : 1,
    "AttackRecoil" : 3,
    "Instability" : 20,
    "WeaponEffectID" : "WeaponEffect-Weapon_AC10_Single",
    "Description" : {
        "Cost" : 140000,
        "Rarity" : 0,
        "Purchasable" : true,
        "Manufacturer" : "Western",
        "Model" : "Heavy Autocannon",
        "UIName" : "Imp.AC/10",
        "Id" : "Weapon_Autocannon_IAC10_0-STOCK",
        "Name" : "Imp.AC/10",
        "Details" : "Improved AC/10",
        "Icon" : "uixSvgIcon_weapon_Ballistic"
    },
    "BonusValueA" : "",
    "BonusValueB" : "",
    "ComponentType" : "Weapon",
    "ComponentSubType" : "Weapon",
    "PrefabIdentifier" : "AC10",
    "BattleValue" : 0,
    "InventorySize" : 3,
    "Tonnage" : 12,
    "AllowedLocations" : "All",
    "DisallowedLocations" : "All",
    "CriticalComponent" : false,
	"ImprovedBallistic":true,
	"Modes":[
		{
			"Id":"b",
			"UIName":"b",
			"isBaseMode":true
		},
		{
			"Id":"2s1p",
			"UIName":"2s1p",
			"isBaseMode":false,
			"ShotsWhenFired" : 1,
			"ProjectilesPerShot" : 0
		},
		{
			"Id":"1s10p",
			"UIName":"1s10p",
			"isBaseMode":false,
			"ShotsWhenFired" : 0,
			"ProjectilesPerShot" : 9
		},
		{
			"Id":"3s10p",
			"UIName":"3s10p",
			"isBaseMode":false,
			"ShotsWhenFired" : 2,
			"ProjectilesPerShot" : 9,
			"BallisticDamagePerPallet":true
		},
		{
			"Id":"1s10pFR",
			"UIName":"1s10pFR",
			"isBaseMode":false,
			"ShotsWhenFired" : 0,
			"ProjectilesPerShot" : 9,
			"HasShells":true
		},
		{
			"Id":"3s10pFR",
			"UIName":"3s10pFR",
			"isBaseMode":false,
			"ShotsWhenFired" : 2,
			"ProjectilesPerShot" : 9,
			"HasShells":true
		},
		{
			"Id":"1s2pFR",
			"UIName":"1s2pFR",
			"isBaseMode":false,
			"ShotsWhenFired" : 0,
			"ProjectilesPerShot" : 1,
			"HasShells":true
		},
		{
			"Id":"3s2pFR",
			"UIName":"3s2pFR",
			"isBaseMode":false,
			"ShotsWhenFired" : 2,
			"ProjectilesPerShot" : 1,
			"HasShells":true
		}		
	], 
    "statusEffects" : [
        
    ],
    "ComponentTags" : {
        "items" : [
            "component_type_stock",
            "range_long"
        ],
        "tagSetSourceFile" : ""
    }
}
