{
    "Category" : "AntiPersonnel",
    "Type" : "MachineGun",
    "WeaponSubType" : "MachineGun",
    "MinRange" : 0,
    "MaxRange" : 90,
    "RangeSplit" : [
        90,
        90,
        90
    ],
    "AmmoCategory" : "MG",
    "StartingAmmoCapacity" : 0,
    "HeatGenerated" : 0,
    "Damage" : 0,
    "OverheatedDamageMultiplier" : 0,
    "EvasiveDamageMultiplier" : 0,
    "EvasivePipsIgnored" : 0,
    "DamageVariance" : 0,
    "HeatDamage" : 0,
    "AccuracyModifier" : 0,
    "CriticalChanceMultiplier" : 1.5,
    "AOECapable" : false,
    "IndirectFireCapable" : false,
    "RefireModifier" : 0,
    "ShotsWhenFired" : 0,
    "ProjectilesPerShot" : 1,
    "AttackRecoil" : 0,
    "Instability" : 0,
	"IsAMS" : true,
	"NotUseInMelee": true,
    "WeaponEffectID" : "WeaponEffect-Weapon_AC2",
    "Description" : {
        "Cost" : 10000,
        "Rarity" : 0,
        "Purchasable" : true,
        "Manufacturer" : "Sperry Browning",
        "Model" : "Machine Gun",
        "UIName" : "AMS(b)",
        "Id" : "Weapon_Ballistic_AMS_0-STOCK",
        "Name" : "AMS(b)",
        "Details" : "AMS ballistics",
        "Icon" : "uixSvgIcon_weapon_Support"
    },
    "BonusValueA" : "",
    "BonusValueB" : "",
    "ComponentType" : "Weapon",
    "ComponentSubType" : "Weapon",
    "PrefabIdentifier" : "MachineGun",
    "BattleValue" : 0,
    "InventorySize" : 1,
    "Tonnage" : 0.5,
    "AllowedLocations" : "All",
    "DisallowedLocations" : "All",
    "CriticalComponent" : false,
	"Modes":[
		{
			"Id":"On",
			"UIName":"On",
			"isBaseMode":true,
			"ShotsWhenFired" : 10,
			"AMSHitChance": 0.3
		},
		{
			"Id":"Overload",
			"UIName":"Overload",
			"isBaseMode":false,
			"ShotsWhenFired" : 20,
			"AMSHitChance": 0.8,
			"FlatJammingChance": 1.0
		},
		{
			"Id":"Off",
			"UIName":"Off",
			"isBaseMode":false,
			"ShotsWhenFired" : 0,
			"AMSHitChance": 0.0
		}
	],
	"statusEffects" : [
        
    ],
    "ComponentTags" : {
        "items" : [
            "component_type_stock",
            "range_close"
        ],
        "tagSetSourceFile" : ""
    }
}
