{
    "Category" : "AntiPersonnel",
    "Type" : "MachineGun",
    "WeaponSubType" : "MachineGun",
    "MinRange" : 0,
    "MaxRange" : 90,
    "RangeSplit" : [
        90,
        90,
        90
    ],
    "AmmoCategory" : "MG",
    "StartingAmmoCapacity" : 0,
    "HeatGenerated" : 0,
    "Damage" : 0,
    "OverheatedDamageMultiplier" : 0,
    "EvasiveDamageMultiplier" : 0,
    "EvasivePipsIgnored" : 0,
    "DamageVariance" : 0,
    "HeatDamage" : 0,
    "AccuracyModifier" : 0,
    "CriticalChanceMultiplier" : 1.5,
    "AOECapable" : false,
    "IndirectFireCapable" : false,
    "RefireModifier" : 0,
    "ShotsWhenFired" : 0,
    "ProjectilesPerShot" : 1,
    "AttackRecoil" : 0,
    "Instability" : 0,
    "ColorsTable": [{"C":"red","I":5},{"C":"orange","I":5},{"C":"yellow","I":5},{"C":"green","I":5},{"C":"aqua","I":5},{"C":"blue","I":5},{"C":"purple","I":5}],
	"IsAMS" : true,
	"NotUseInMelee": true,
    "WeaponEffectID" : "WeaponEffect-Weapon_MachineGun",
    "Description" : {
        "Cost" : 10000,
        "Rarity" : 0,
        "Purchasable" : true,
        "Manufacturer" : "Sperry Browning",
        "Model" : "Machine Gun",
        "UIName" : "AMS(D)",
        "Id" : "Weapon_MachineGun_AMS_0-STOCK",
        "Name" : "AMS(D)",
        "Details" : "AMS burst ballistic",
        "Icon" : "uixSvgIcon_weapon_Support"
    },
    "BonusValueA" : "",
    "BonusValueB" : "",
    "ComponentType" : "Weapon",
    "ComponentSubType" : "Weapon",
    "PrefabIdentifier" : "MachineGun",
    "BattleValue" : 0,
    "InventorySize" : 1,
    "Tonnage" : 0.5,
    "AllowedLocations" : "All",
    "DisallowedLocations" : "All",
    "CriticalComponent" : false,
	"Modes":[
		{
			"Id":"bb",
			"UIName":"bb",
			"isBaseMode":true,
			"ShotsWhenFired" : 30,
			"AMSHitChance": 0.2
		},
		{
			"Id":"b",
			"UIName":"b",
			"isBaseMode":false,
			"WeaponEffectID" : "WeaponEffect-Weapon_AC2",
			"ShotsWhenFired" : 20,
			"AMSHitChance": 0.3
		},
		{
			"Id":"l",
			"UIName":"l",
			"isBaseMode":false,
			"WeaponEffectID" : "WeaponEffect-Weapon_Laser_Small",
			"ShotsWhenFired" : 15,
			"IsAAMS" : true,
      "ColorSpeedChange": 1,
      "ColorChangeRule": "RandomOnce",
			"AMSHitChance": 0.5
		},
		{
			"Id":"m",
			"UIName":"m",
			"isBaseMode":false,
			"WeaponEffectID" : "WeaponEffect-Weapon_SRM2",
			"ShotsWhenFired" : 10,
			"AMSHitChance": 0.8
		},
		{
			"Id":"g",
			"UIName":"g",
			"isBaseMode":false,
			"WeaponEffectID" : "WeaponEffect-Weapon_GaussRifle",
			"ShotsWhenFired" : 5,
      "ProjectileScale": {"x":0.1,"y":0.1,"z":0.1},
			"AMSHitChance": 1.0
		},
		{
			"Id":"direct",
			"UIName":"direct",
			"isBaseMode":false,
			"ShotsWhenFired" : 5,
			"DamagePerShot" : 3,
			"IsAMS" : false,
			"WeaponEffectID" : "WeaponEffect-Weapon_MachineGun"
		},
		{
			"Id":"Off",
			"UIName":"Off",
			"isBaseMode":false,
			"ShotsWhenFired" : 0,
			"AMSHitChance": 0.0
		}
	],
	"statusEffects" : [
        
    ],
    "ComponentTags" : {
        "items" : [
            "component_type_stock",
            "range_close"
        ],
        "tagSetSourceFile" : ""
    }
}
