{
    "Category" : "Ballistic",
    "Type" : "Autocannon",
    "WeaponSubType" : "AC10",
    "MinRange" : 0,
    "MaxRange" : 450,
    "RangeSplit" : [
        300,
        300,
        450
    ],
    "AmmoCategory" : "LBX10",
    "StartingAmmoCapacity" : 0,
    "HeatGenerated" : 12,
    "Damage" : 60,
    "OverheatedDamageMultiplier" : 0,
    "EvasiveDamageMultiplier" : 0,
    "EvasivePipsIgnored" : 0,
    "DamageVariance" : 0,
    "HeatDamage" : 0,
    "HitGenerator": "Cluster",
    "AccuracyModifier" : 0,
    "CriticalChanceMultiplier" : 1,
    "AOECapable" : false,
    "IndirectFireCapable" : false,
    "RefireModifier" : 2,
    "ShotsWhenFired" : 3,
    "ProjectilesPerShot" : 1,
    "AttackRecoil" : 3,
    "Instability" : 20,
    "ImprovedBallistic": true,
    "WeaponEffectID" : "WeaponEffect-Weapon_AC10_Single",
    "Description" : {
        "Cost" : 140000,
        "Rarity" : 0,
        "Purchasable" : true,
        "Manufacturer" : "Western",
        "Model" : "Heavy Autocannon",
        "UIName" : "LBX/10",
        "Id" : "Weapon_Autocannon_LBX10_0-STOCK",
        "Name" : "LBX/10",
        "Details" : "LBX AC/10",
        "Icon" : "uixSvgIcon_weapon_Ballistic"
    },
    "BonusValueA" : "",
    "BonusValueB" : "",
    "ComponentType" : "Weapon",
    "ComponentSubType" : "Weapon",
    "PrefabIdentifier" : "AC10",
    "BattleValue" : 0,
    "InventorySize" : 3,
    "Tonnage" : 12,
    "AllowedLocations" : "All",
    "DisallowedLocations" : "All",
    "CriticalComponent" : false,
    "statusEffects" : [
        
    ],
    "ComponentTags" : {
        "items" : [
            "component_type_stock",
            "range_long"
        ],
        "tagSetSourceFile" : ""
    }
}
