{
    "Category" : "Missile",
    "Type" : "LRM",
    "WeaponSubType" : "LRM20",
    "MinRange" : 0,
    "MaxRange" : 630,
    "RangeSplit" : [
        420,
        420,
        630
    ], 
    "AmmoCategory" : "WIRLWIND",
    "StartingAmmoCapacity" : 0,
    "HeatGenerated" : 12,
    "Damage" : 8,
    "OverheatedDamageMultiplier" : 0,
    "EvasiveDamageMultiplier" : 0,
    "EvasivePipsIgnored" : 0,
    "DamageVariance" : 0,
    "HeatDamage" : 0,
    "AccuracyModifier" : -1,
    "CriticalChanceMultiplier" : 1,
    "AOECapable" : false,
    "IndirectFireCapable" : true,
    "RefireModifier" : 0,
    "ShotsWhenFired" : 2,
    "ProjectilesPerShot" : 1,
    "AttackRecoil" : 1,
    "Instability" : 3,
    "MissileFiringIntervalMultiplier": 8,
    "MissileVolleyIntervalMultiplier": 8,
    "ProjectileSpeedMultiplier": 1.15,
	"HitGenerator": "Cluster",
    "WeaponEffectID" : "WeaponEffect-Weapon_SRM6",
    "Description" : {
        "Cost" : 90000,
        "Rarity" : 0,
        "Purchasable" : true,
        "Manufacturer" : "Mars",
        "Model" : "Wirlwind Missile Launcher",
        "UIName" : "LRM6",
        "Id" : "Weapon_SRM_SRM6_3-Wirlwind",
        "Name" : "LRM6",
        "Details" : "Изначально создана как средство мобильной артелерийской поддержики войск Космического Десанта устанавливается на шасси 'Носорог'. Была доработана для установки на боевые мехи. Благодаря системе обнаружения и ведения цели, 'Вихрь' может с поразительной точностью поражать замаскированные и укрепленные объекты. Стандартная комплектация установки включает осколочные ракеты на твердом топливе, выпускаемые по шесть за один программируемый залп. Сложная телеметрическая аппаратура 'Вихря' гарантирует максимальную эффективность артобстрела и дает лучшие результаты, нежели использование обычных осколочных снарядов.",
        "Icon" : "uixSvgIcon_weapon_Missile"
    },
    "BonusValueA" : "",
    "BonusValueB" : "",
    "ComponentType" : "Weapon",
    "ComponentSubType" : "Weapon",
    "PrefabIdentifier" : "srm6",
    "BattleValue" : 0,
    "InventorySize" : 2,
    "Tonnage" : 1,
    "AllowedLocations" : "All",
    "DisallowedLocations" : "All",
    "CriticalComponent" : false,
	"ImprovedBallistic":true, 
    "statusEffects" : [
        
    ],
    "ComponentTags" : {
        "items" : [
            "component_type_stock",
            "range_standard"
        ],
        "tagSetSourceFile" : ""
    }
}
