{
    "Category" : "Energy",
    "Type" : "PPC",
    "WeaponSubType" : "PPCER",
    "MinRange" : 0,
    "MaxRange" : 690,
    "RangeSplit" : [
        510,
        510,
        690
    ],
    "AmmoCategory" : "NotSet",
    "StartingAmmoCapacity" : 0,
    "HeatGenerated" : 90,
    "Damage" : 30,
    "OverheatedDamageMultiplier" : 0,
    "EvasiveDamageMultiplier" : 0,
    "EvasivePipsIgnored" : 0,
    "DamageVariance" : 0,
    "HeatDamage" : 30,
    "isHeatVariation": true,
    "DistantVariance": 0.3,
    "AccuracyModifier" : 0,
    "CriticalChanceMultiplier" : 1,
    "AOECapable" : false,
    "IndirectFireCapable" : false,
    "RefireModifier" : 0,
    "ShotsWhenFired" : 1,
    "ProjectilesPerShot" : 1,
    "AttackRecoil" : 3,
    "Instability" : 10,
    "ColorsTable": [{"C":"#808000","I":5}],
    "ColorSpeedChange": 0,
    "ImprovedBallistic":true,
    "WeaponEffectID" : "WeaponEffect-Weapon_PPC",
    "Description" : {
        "Cost" : 2790000,
        "Rarity" : 100,
        "Purchasable" : false,
        "Manufacturer" : "Fal'shia",
        "Model" : "XV88",
        "UIName" : "Ion Cannon",
        "Id" : "Weapon_PPC_LPPCER_3",
        "Name" : "Ion Cannon",
        "Details" : "Это оружие стреляет ионным лучом, взрывающимся при контакте с целью. Оно идеально подходит против легкой техники и тяжелобронированной пехоты. Ионная пушка может стрелять в усиленном режиме, производя мощный взрыв, способный нанести больший урон, хотя при этом есть риск перегрузки.",
        "Icon" : "uixSvgIcon_weapon_Energy"
    },
    "BonusValueA" : "",
    "BonusValueB" : "",
    "ComponentType" : "Weapon",
    "ComponentSubType" : "Weapon",
    "PrefabIdentifier" : "PPC",
    "BattleValue" : 0,
    "InventorySize" : 2,
    "Tonnage" : 1.5,
    "AllowedLocations" : "All",
    "DisallowedLocations" : "All",
    "CriticalComponent" : false,
	"Modes":[
		{
			"Id":"base",
			"UIName":"original",
			"isBaseMode":true
		},
		{
			"Id":"overload",
			"UIName":"purple",
			"isBaseMode":false,
			"DamagePerShot": 15,
      "ColorChangeRule": "t0",
			"Cooldown": 0
		}
	],
    "statusEffects" : [
        {
            "durationData" : {
                "duration" : 1,
                "ticksOnActivations" : true,
                "useActivationsOfTarget" : true,
                "ticksOnEndOfRound" : false,
                "ticksOnMovements" : false,
                "stackLimit" : 0,
                "clearedWhenAttacked" : false
            },
            "targetingData" : {
                "effectTriggerType" : "OnHit",
                "triggerLimit" : 0,
                "extendDurationOnTrigger" : 0,
                "specialRules" : "NotSet",
                "effectTargetType" : "NotSet",
                "range" : 0,
                "forcePathRebuild" : false,
                "forceVisRebuild" : false,
                "showInTargetPreview" : true,
                "showInStatusPanel" : true
            },
            "effectType" : "StatisticEffect",
            "Description" : {
                "Id" : "AbilityDefPPC",
                "Name" : "SENSORS IMPAIRED",
                "Details" : "[AMT] Difficulty to all of this unit's attacks until its next activation.",
                "Icon" : "uixSvgIcon_status_sensorsImpaired"
            },
            "nature" : "Debuff",
            "statisticData" : {
                "appliesEachTick" : false,
                "effectsPersistAfterDestruction" : false,
                "statName" : "AccuracyModifier",
                "operation" : "Float_Add",
                "modValue" : "1.0",
                "modType" : "System.Single",
                "additionalRules" : "NotSet",
                "targetCollection" : "NotSet",
                "targetWeaponCategory" : "NotSet",
                "targetWeaponType" : "NotSet",
                "targetAmmoCategory" : "NotSet",
                "targetWeaponSubType" : "NotSet"
            },
            "tagData" : null,
            "floatieData" : null,
            "actorBurningData" : null,
            "vfxData" : null,
            "instantModData" : null,
            "poorlyMaintainedEffectData" : null
        }
    ], 
    "ComponentTags" : {
        "items" : [
            "component_type_stock",
            "range_extreme"
        ],
        "tagSetSourceFile" : ""
    }
}
