{
    "Category" : "Ballistic",
    "Type" : "Autocannon",
    "WeaponSubType" : "AC2",
    "MinRange" : 120,
    "MaxRange" : 720,
    "RangeSplit" : [
        480,
        480,
        720
    ],
    "AmmoCategory" : "LBX2",
    "StartingAmmoCapacity" : 0,
    "HeatGenerated" : 4,
    "Damage" : 25,
    "OverheatedDamageMultiplier" : 0,
    "EvasiveDamageMultiplier" : 0,
    "EvasivePipsIgnored" : 0,
    "DamageVariance" : 0,
    "HeatDamage" : 0,
    "AccuracyModifier" : 0,
    "CriticalChanceMultiplier" : 1,
    "AOECapable" : false,
    "IndirectFireCapable" : false,
    "RefireModifier" : 1,
    "ShotsWhenFired" : 1,
    "ProjectilesPerShot" : 1,
    "AttackRecoil" : 1,
    "Instability" : 5,
    "WeaponEffectID" : "WeaponEffect-Weapon_AC5",
    "Description" : {
        "Cost" : 50000,
        "Rarity" : 0,
        "Purchasable" : true,
        "Manufacturer" : "GM",
        "Model" : "LBX/2 Autocannon",
        "UIName" : "LBX/2",
        "Id" : "Weapon_Autocannon_LBX2_0-STOCK",
        "Name" : "LBX/2",
        "Details" : "Intended for use as supporting fire at very long range, LBX/2s deal moderate damage with low heat and a large ammunition count per ton. Like all Autocannon weaponry, AC/2s suffer from recoil effects from continuous fire.",
        "Icon" : "uixSvgIcon_weapon_Ballistic"
    },
    "BonusValueA" : "",
    "BonusValueB" : "",
    "ComponentType" : "Weapon",
    "ComponentSubType" : "Weapon",
    "PrefabIdentifier" : "AC2",
    "BattleValue" : 0,
    "InventorySize" : 1,
    "Tonnage" : 6,
    "AllowedLocations" : "All",
    "DisallowedLocations" : "All",
    "CriticalComponent" : false,
	"ImprovedBallistic": true,
    "statusEffects" : [
        
    ],
    "ComponentTags" : {
        "items" : [
            "component_type_stock",
            "range_extreme",
			"wr-clustered_shots"
        ],
        "tagSetSourceFile" : ""
    }
}
