{
    "Category" : "Missile",
    "Type" : "SRM",
    "WeaponSubType" : "SRM4",
    "MinRange" : 0,
    "MaxRange" : 270,
    "RangeSplit" : [
        180,
        180,
        270
    ],
    "AmmoCategory" : "SRM",
    "StartingAmmoCapacity" : 0,
    "HeatGenerated" : 8,
    "Damage" : 8,
    "OverheatedDamageMultiplier" : 0,
    "EvasiveDamageMultiplier" : 0,
    "EvasivePipsIgnored" : 0,
    "DamageVariance" : 0,
    "HeatDamage" : 0,
    "AccuracyModifier" : 0,
    "CriticalChanceMultiplier" : 1,
    "AOECapable" : false,
    "IndirectFireCapable" : false,
    "RefireModifier" : 0,
    "ShotsWhenFired" : 4,
    "ProjectilesPerShot" : 1,
    "AttackRecoil" : 1,
    "Instability" : 3,
    "Unguided": true,
    "WeaponEffectID" : "WeaponEffect-Weapon_SRM4",
    "Description" : {
        "Cost" : 60000,
        "Rarity" : 0,
        "Purchasable" : true,
        "Manufacturer" : "TharHes",
        "Model" : "Short-Range Missile Launcher",
        "UIName" : "SRM4",
        "Id" : "Weapon_SRM_SRM4_0-UNG",
        "Name" : "SRM4",
        "Details" : "The midtier rack of Short-Range Missiles, SRM4s deal good damage for comparatively few negatives other than their inherently short range and need for ammunition. As for all SRMs, SRM4 shots deal above-average stability impact per hit compared to other weapons.",
        "Icon" : "uixSvgIcon_weapon_Missile"
    },
    "BonusValueA" : "",
    "BonusValueB" : "",
    "ComponentType" : "Weapon",
    "ComponentSubType" : "Weapon",
    "PrefabIdentifier" : "srm4",
    "BattleValue" : 0,
    "InventorySize" : 1,
    "Tonnage" : 2,
    "AllowedLocations" : "All",
    "DisallowedLocations" : "All",
    "CriticalComponent" : false,
    "statusEffects" : [
        
    ],
    "ComponentTags" : {
        "items" : [
            "component_type_stock",
            "range_standard"
        ],
        "tagSetSourceFile" : ""
    }
}
