{
    "Category" : "Missile",
    "Type" : "LRM",
    "WeaponSubType" : "LRM20",
    "MinRange" : 180,
    "MaxRange" : 630,
    "RangeSplit" : [
        420,
        420,
        630
    ],
    "Custom":{
      "ActivatableComponent":{
        "NoUniqueCheck":true,
        "CanNotBeActivatedManualy": true,
        "presistantVFXOutOfLOSHide": true,
        "presistantVFX":{
          "VFXPrefab":"vfxPrfPrtl_miningSmokePlume_lrg_loop"
        }
      }
    },
    "AmmoCategory" : "LRM",
    "StartingAmmoCapacity" : 0,
    "HeatGenerated" : 18,
    "Damage" : 4,
    "OverheatedDamageMultiplier" : 0,
    "EvasiveDamageMultiplier" : 0,
    "EvasivePipsIgnored" : 0,
    "DamageVariance" : 0,
    "HeatDamage" : 0,
    "AccuracyModifier" : 0,
    "CriticalChanceMultiplier" : 1,
    "AOECapable" : false,
    "IndirectFireCapable" : true,
    "SpreadRange": 90,
    "RefireModifier" : 0,
    "ShotsWhenFired" : 20,
    "ProjectilesPerShot" : 1,
    "AttackRecoil" : 1,
    "Instability" : 2,
    "WeaponEffectID" : "WeaponEffect-Weapon_LRM20",
    "Description" : {
        "Cost" : 290000,
        "Rarity" : 0,
        "Purchasable" : true,
        "Manufacturer" : "Jackson",
        "Model" : "Long-Range Missile Launcher",
        "UIName" : "LRM20",
        "Id" : "Weapon_LRM_LRM20_0-STOCK",
        "Name" : "LRM20",
        "Details" : "Often found as the secondary weapon on heavier units, LRM20 racks of Long-Range Missiles can deal decent damage while a unit closes range, but they chew through ammunition. Like all LRMs, LRM20s are capable of indirect fire over obstacles and terrain with the benefit of a spotter unit.",
        "Icon" : "uixSvgIcon_weapon_Missile"
    },
    "BonusValueA" : "",
    "BonusValueB" : "",
    "ComponentType" : "Weapon",
    "ComponentSubType" : "Weapon",
    "PrefabIdentifier" : "lrm20",
    "BattleValue" : 0,
    "ImprovedBallistic":true,
    "ProjectileScale": {"x":2,"y":2,"z":2},
    "ProjectileSpeedMultiplier": 0.5,
    "InventorySize" : 4,
    "Tonnage" : 10,
    "AllowedLocations" : "All",
    "DisallowedLocations" : "All",
    "CriticalComponent" : false,
    "statusEffects" : [
        
    ],
    "ComponentTags" : {
        "items" : [
            "component_type_stock",
            "range_extreme"
        ],
        "tagSetSourceFile" : ""
    }
}
