{
    "Category" : "Missile",
    "Type" : "LRM",
    "WeaponSubType" : "LRM5",
    "MinRange" : 180,
    "MaxRange" : 630,
    "RangeSplit" : [
        420,
        420,
        630
    ],
    "AmmoCategory" : "LRM",
    "StartingAmmoCapacity" : 0,
    "HeatGenerated" : 6,
    "Damage" : 8,
    "OverheatedDamageMultiplier" : 0,
    "EvasiveDamageMultiplier" : 0,
    "EvasivePipsIgnored" : 0,
    "DamageVariance" : 0,
    "HeatDamage" : 0,
    "AccuracyModifier" : 0,
    "CriticalChanceMultiplier" : 1.5,
    "AOECapable" : false,
    "IndirectFireCapable" : true,
    "RefireModifier" : 0,
    "ShotsWhenFired" : 5,
    "ProjectilesPerShot" : 1,
    "AttackRecoil" : 1,
    "Instability" : 4,
    "WeaponEffectID" : "WeaponEffect-Weapon_LRM5",
    "Description" : {
        "Cost" : 120000,
        "Rarity" : 5,
        "Purchasable" : true,
        "Manufacturer" : "Zeus",
        "Model" : "Long-Range Missile Launcher",
        "UIName" : "LRM5 + + +",
        "Id" : "Weapon_LRM_LRM5_3-Zeus",
        "Name" : "LRM5 + + +",
        "Details" : "The smallest rack of Long-Range Missiles, LRM5s are efficient and tend to serve as harassment weapons. Like all LRMs, LRM5s are capable of indirect fire over obstacles and terrain with the benefit of a spotter unit.",
        "Icon" : "uixSvgIcon_weapon_Missile"
    },
    "BonusValueA" : "+ 50% Crit.",
    "BonusValueB" : "+ 4 Dmg.",
    "ComponentType" : "Weapon",
    "ComponentSubType" : "Weapon",
    "PrefabIdentifier" : "lrm5",
    "BattleValue" : 0,
    "InventorySize" : 1,
    "Tonnage" : 2,
    "AllowedLocations" : "All",
    "DisallowedLocations" : "All",
    "CriticalComponent" : false,
    "statusEffects" : [
        
    ],
    "ComponentTags" : {
        "items" : [
            "component_type_variant",
            "component_type_variant3",
            "range_extreme"
        ],
        "tagSetSourceFile" : ""
    }
}
