{
    "Custom": {
		"Category": [
            { "CategoryID": "AMS" },
			{ "CategoryID": "w/s/a/lams" }
        ],
        "BonusDescriptions": {
            "Bonuses": [
                "LAMS",
                "AMSAcc: 30%",
                "AMSShots: 10",
                "AMSHeat: 6",
                "OLAMSShots: 15",
                "OLAMSHeat: 18",
                "OLAMSJam: 40%",
                "OLAMSRange: 90",
                "AMSDirectSLAS"
            ]
        },
        "InventorySorter": {
            "SortKey": "00025"
        }
    },
    "Category": "AntiPersonnel",
    "Type": "Laser",
    "WeaponSubType": "SmallLaser",
    "MinRange": 0,
    "MaxRange": 120,
    "RangeSplit": [
        90,
        90,
        90
    ],
    "AmmoCategory": "NotSet",
    "StartingAmmoCapacity": 0,
    "HeatGenerated": 6,
    "Damage": 0,
    "OverheatedDamageMultiplier": 0,
    "EvasiveDamageMultiplier": 0,
    "EvasivePipsIgnored": 0,
    "DamageVariance": 0,
    "HeatDamage": 0,
    "AccuracyModifier": 0,
    "CriticalChanceMultiplier": 1,
    "AOECapable": false,
    "IndirectFireCapable": false,
    "RefireModifier": 0,
    "ShotsWhenFired": 0,
    "ProjectilesPerShot": 1,
    "AttackRecoil": 0,
    "Instability": 0,
    "WeaponEffectID": "WeaponEffect-Weapon_Laser_Small",
    "Description": {
        "Cost": 430000,
        "Rarity": 5,
        "Purchasable": true,
        "Manufacturer": "DS Aero",
        "Model": "Beamsplitter",
        "UIName": "Laser AMS",
        "Id": "Weapon_Laser_AMS",
        "Name": "Laser Anti Missile System",
        "Details": "The Laser Anti-Missile System (LAMS) is an advanced variation of the standard Anti-Missile Systems. While the standard system utilizes a machine gun linked to specialized tracking systems, the LAMS uses a Small Pulse Laser, ensuring that the system never runs out of ammunition.  \n\n <b><color=#00ffff>Left Click on Chance to hit during battle to switch firing mode</color> </b>",
        "Icon": "uixSvgIcon_equipment_TTS"
    },
    "BonusValueA": "",
    "BonusValueB": "",
    "ComponentType": "Weapon",
    "ComponentSubType": "Weapon",
    "PrefabIdentifier": "AMS",
    "BattleValue": 0,
    "InventorySize": 2,
    "Tonnage": 1.5,
    "AllowedLocations": "All",
    "DisallowedLocations": "All",
    "CriticalComponent": false,
    "Modes": [
        {
            "Id": "On",
            "UIName": "On",
            "isBaseMode": true,
            "IsAMS": true,
            "ShotsWhenFired": 10,
            "AMSHitChance": 0.3,
            "AMSShootsEveryAttack": false
        },
        {
            "Id": "Overload",
            "UIName": "Overload",
            "isBaseMode": false,
            "IsAMS": true,
            "ShotsWhenFired": 15,
            "AMSHitChance": 0.3,
            "FlatJammingChance": 0.4,
            "HeatGenerated": 12,
            "MaxRange": 90.0,
            "AMSShootsEveryAttack": true
        },
        {
            "Id": "Off",
            "UIName": "Off",
            "isBaseMode": false,
            "ShotsWhenFired": 0,
            "AMSHitChance": 0.0
        },
        {
            "Id": "Laser",
            "UIName": "Laser",
            "isBaseMode": false,
            "ShotsWhenFired": 1,
            "DamagePerShot": 15.0,
            "HeatGenerated": 10,
            "FlatJammingChance": 0.1
        }
    ],
    "statusEffects": [],
    "ComponentTags": {
        "items": [
            "component_type_stock",
            "range_close"
        ],
        "tagSetSourceFile": ""
    }
}