{
    "Category" : "Energy",
    "Type" : "Laser",
    "WeaponSubType" : "MediumLaser",
    "MinRange" : 0,
    "MaxRange" : 270,
    "RangeSplit" : [
        180,
        180,
        270
    ],
    "AmmoCategory" : "NotSet",
    "StartingAmmoCapacity" : 0,
    "HeatGenerated" : 12,
    "Damage" : 25,
    "OverheatedDamageMultiplier" : 0,
    "EvasiveDamageMultiplier" : 0,
    "EvasivePipsIgnored" : 0,
    "DamageVariance" : 0,
    "HeatDamage" : 0,
    "AccuracyModifier" : -1,
    "CriticalChanceMultiplier" : 1,
    "AOECapable" : false,
    "IndirectFireCapable" : false,
    "RefireModifier" : 0,
    "ShotsWhenFired" : 1,
    "ProjectilesPerShot" : 1,
    "AttackRecoil" : 1,
    "Instability" : 0,
    "ImprovedBallistic":true, 
    "ProjectileSpeedMultiplier": 10,
    "ColorsTable": [{"C":"red","I":5},{"C":"orange","I":5},{"C":"yellow","I":5},{"C":"green","I":5},{"C":"aqua","I":5},{"C":"blue","I":5},{"C":"purple","I":5}],
    "ColorSpeedChange": 7,
    "ColorChangeRule": "Linear",
    "WeaponEffectID" : "WeaponEffect-Weapon_Laser_Medium",
    "Description" : {
        "Cost" : 60000,
        "Rarity" : 0,
        "Purchasable" : true,
        "Manufacturer" : "Hellion",
        "Model" : "Medium Laser",
        "UIName" : "M Laser",
        "Id" : "Weapon_Laser_MediumLaser_0-STOCK",
        "Name" : "M Laser",
        "Details" : "Medium Lasers are lightweight with respectable damage. Because of this, at least one can be found mounted on most units that cross the battlefield. Like all Lasers, Medium Lasers enjoy a baseline accuracy bonus over other weapons.",
        "Icon" : "uixSvgIcon_weapon_Energy"
    },
    "BonusValueA" : "",
    "BonusValueB" : "",
    "ComponentType" : "Weapon",
    "ComponentSubType" : "Weapon",
    "PrefabIdentifier" : "Laser",
    "BattleValue" : 0,
    "InventorySize" : 1,
    "Tonnage" : 1,
    "AllowedLocations" : "All",
    "DisallowedLocations" : "All",
    "CriticalComponent" : false,
    "statusEffects" : [
        
    ],
    "ComponentTags" : {
        "items" : [
            "component_type_stock",
            "range_standard"
        ],
        "tagSetSourceFile" : ""
    }
}
