{
    "Category" : "Ballistic",
    "Type" : "Gauss",
    "WeaponSubType" : "Gauss",
    "MinRange" : 0,
    "MaxRange" : 660,
    "RangeSplit" : [
        360,
        360,
        660
    ],
    "AmmoCategory" : "HGAUSS",
    "StartingAmmoCapacity" : 0,
    "HeatGenerated" : 5,
    "Damage" : 50,
    "OverheatedDamageMultiplier" : 0,
    "EvasiveDamageMultiplier" : 0,
    "EvasivePipsIgnored" : 0,
    "DamageVariance" : 0,
    "HeatDamage" : 0,
    "AccuracyModifier" : -1,
    "CriticalChanceMultiplier" : 1,
    "AOECapable" : false,
    "IndirectFireCapable" : false,
    "RefireModifier" : 0,
    "ShotsWhenFired" : 1,
    "ProjectilesPerShot" : 1,
    "AttackRecoil" : 4,
    "Instability" : 20,
    "ColorsTable": [{"C":"red","I":5},{"C":"orange","I":5},{"C":"yellow","I":5},{"C":"green","I":5},{"C":"aqua","I":5},{"C":"blue","I":5},{"C":"purple","I":5}],
    "ColorSpeedChange": 7,
    "WeaponEffectID" : "WeaponEffect-Weapon_LaserER_Large",
    "Description" : {
        "Cost" : 4440000,
        "Rarity" : 99,
        "Purchasable" : false,
        "Manufacturer" : "Fal'shia",
        "Model" : "KV138",
        "UIName" : "Railgun(d)",
        "Id" : "Weapon_Gauss_DGauss",
        "Name" : "Railgun",
        "Details" : "Импульсный скорострельный рельсотрон. Поддреживает возможность стрельбы очередями. Рельсотрон – это линейный ускоритель, который использует сверхпроводящие электроды для того, чтобы придать сплошному снаряду сверхзвуковую скорость. Столкновение снаряда с целью, сопровождаемое выделением огромного количества кинетической энергии, оказывает разрушительный эффект даже на большом расстоянии.",
        "Icon" : "uixSvgIcon_weapon_Ballistic"
    },
    "BonusValueA" : "",
    "BonusValueB" : "",
    "ComponentType" : "Weapon",
    "ComponentSubType" : "Weapon",
    "PrefabIdentifier" : "Gauss",
    "BattleValue" : 0,
    "InventorySize" : 6,
    "Tonnage" : 10,
    "AllowedLocations" : "All",
    "DisallowedLocations" : "All",
    "CriticalComponent" : false,
    "BallisticDamagePerPallet": true,
	"ImprovedBallistic":true, 
	"Modes":[
		{
			"Id":"Gx1",
			"UIName":"Gx1",
      "WeaponEffectID" : "WeaponEffect-Weapon_GaussRifle",
      "ProjectileScale": {"x":10,"y":10,"z":10},
      "ProjectileSpeedMultiplier": 0.1,
			"isBaseMode":true
		},
		{
			"Id":"Gx2",
			"UIName":"Gx2",
			"isBaseMode":false,
      "WeaponEffectID" : "WeaponEffect-Weapon_GaussRifle",
      "ProjectileScale": {"x":10,"y":10,"z":10},
      "ProjectileSpeedMultiplier": 0.1,
			"ShotsWhenFired" : 1
		},
		{
			"Id":"Gx3",
			"UIName":"Gx3",
			"isBaseMode":false,
      "WeaponEffectID" : "WeaponEffect-Weapon_GaussRifle",
      "ProjectileScale": {"x":10,"y":10,"z":10},
      "ProjectileSpeedMultiplier": 0.1,
			"ShotsWhenFired" : 2
		},
		{
			"Id":"Bx1",
			"UIName":"Bx1",
      "WeaponEffectID" : "WeaponEffect-Weapon_AC10_Single",
      "ProjectileScale": {"x":10,"y":10,"z":10},
      "ColorChangeRule": "Linear",
      "ProjectileSpeedMultiplier": 0.1,
			"isBaseMode":false
		},
		{
			"Id":"Bx2",
			"UIName":"Bx2",
			"isBaseMode":false,
      "WeaponEffectID" : "WeaponEffect-Weapon_AC10_Single",
      "ProjectileScale": {"x":10,"y":10,"z":10},
      "ProjectileSpeedMultiplier": 0.1,
			"ShotsWhenFired" : 1
		},
		{
			"Id":"Bx3",
			"UIName":"Bx3",
			"isBaseMode":false,
      "WeaponEffectID" : "WeaponEffect-Weapon_AC10_Single",
      "ProjectileScale": {"x":10,"y":10,"z":10},
      "ProjectileSpeedMultiplier": 0.1,
      "HasShells": true,
      "ProjectilesPerShot": 14,
			"ShotsWhenFired" : 2
		},
		{
			"Id":"Lx1",
			"UIName":"Lx1",
      "WeaponEffectID" : "WeaponEffect-Weapon_LaserER_Large",
			"isBaseMode":false,
      "FireDelayMultiplier" : 0.2
		},
		{
			"Id":"Lx2",
			"UIName":"Lx2",
			"isBaseMode":false,
      "FireDelayMultiplier" : 1,
      "WeaponEffectID" : "WeaponEffect-Weapon_LaserER_Large",
			"ShotsWhenFired" : 1
		},
		{
			"Id":"Lx3",
			"UIName":"Lx3",
			"isBaseMode":false,
      "FireDelayMultiplier" : 1,
      "WeaponEffectID" : "WeaponEffect-Weapon_LaserER_Large",
			"ShotsWhenFired" : 2
		},
		{
			"Id":"Px1",
			"UIName":"Px1",
			"isBaseMode":false,
      "FireDelayMultiplier" : 0.1,
      "WeaponEffectID" : "WeaponEffect-Weapon_PPC",
      "ProjectileScale": {"x":10,"y":10,"z":10},
      "ColorChangeRule": "Linear",
      "ProjectileSpeedMultiplier": 0.1
		},
		{
			"Id":"Px2",
			"UIName":"Px2",
			"isBaseMode":false,
      "FireDelayMultiplier" : 0.1,
      "WeaponEffectID" : "WeaponEffect-Weapon_PPC",
      "ProjectileSpeedMultiplier": 0.1,
			"ShotsWhenFired" : 1
		},
		{
			"Id":"Px3",
			"UIName":"Px3",
			"isBaseMode":false,
      "FireDelayMultiplier" : 0.1,
      "WeaponEffectID" : "WeaponEffect-Weapon_PPC",
      "ProjectileSpeedMultiplier": 0.1,
			"ShotsWhenFired" : 2
		}		
	],   
    "ComponentTags" : {
        "items" : [
            "component_type_stock",
            "component_type_lostech",
            "range_extreme",
			"BLACKLISTED"
        ],
        "tagSetSourceFile" : ""
    }
}
