{
    "Category" : "AntiPersonnel",
    "Type" : "Flamer",
    "WeaponSubType" : "Flamer",
    "MinRange" : 0,
    "MaxRange" : 90,
    "RangeSplit" : [
        90,
        90,
        90
    ],
    "AmmoCategory" : "Flamer",
    "StartingAmmoCapacity" : 4,
    "HeatGenerated" : 0,
    "Damage" : 5,
    "OverheatedDamageMultiplier" : 0,
    "EvasiveDamageMultiplier" : 0,
    "EvasivePipsIgnored" : 0,
    "DamageVariance" : 0,
    "HeatDamage" : 10,
    "AccuracyModifier" : 0,
    "CriticalChanceMultiplier" : 1,
    "AOECapable" : false,
    "IndirectFireCapable" : false,
    "RefireModifier" : 0,
    "ShotsWhenFired" : 1,
    "ProjectilesPerShot" : 1,
    "AttackRecoil" : 0,
    "Instability" : 0,
    "CantHitUnaffecedByPathing": true,
    "WeaponEffectID" : "WeaponEffect-Weapon_Flamer",
    "Description" : {
        "Cost" : 20000,
        "Rarity" : 0,
        "Purchasable" : true,
        "Manufacturer" : "Skylight",
        "Model" : "Heat Damage Flamethrower",
        "UIName" : "Flamer",
        "Id" : "Weapon_Flamer_Flamer_0-STOCK",
        "Name" : "Flamer",
        "Details" : "Flamer weapons are unique in that they deal little physical damage but instead expel superheated plasma, applying substantial heat to their target. When done properly, this can hamper enemy return fire or even cause the targeted unit to shut down from overheating.",
        "Icon" : "uixSvgIcon_weapon_Support"
    },
    "BonusValueA" : "* 4 Ammo",
    "BonusValueB" : "",
    "ComponentType" : "Weapon",
    "ComponentSubType" : "Weapon",
    "PrefabIdentifier" : "Flamer",
    "BattleValue" : 0,
    "InventorySize" : 1,
    "Tonnage" : 1,
    "AllowedLocations" : "All",
    "DisallowedLocations" : "All",
    "CriticalComponent" : false,
    "statusEffects" : [
        
    ],
    "ComponentTags" : {
        "items" : [
            "component_type_stock",
            "range_close"
        ],
        "tagSetSourceFile" : ""
    }
}
