{
    "Category" : "Ballistic",
    "Type" : "Gauss",
    "WeaponSubType" : "Gauss",
    "MinRange" : 0,
    "MaxRange" : 660,
    "RangeSplit" : [
        360,
        360,
        660
    ],
    "AmmoCategory" : "HGAUSS",
    "StartingAmmoCapacity" : 0,
    "HeatGenerated" : 5,
    "Damage" : 50,
    "OverheatedDamageMultiplier" : 0,
    "EvasiveDamageMultiplier" : 0,
    "EvasivePipsIgnored" : 0,
    "DamageVariance" : 0,
    "HeatDamage" : 0,
    "AccuracyModifier" : -1,
    "CriticalChanceMultiplier" : 1,
    "AOECapable" : false,
    "IndirectFireCapable" : false,
    "RefireModifier" : 0,
    "ShotsWhenFired" : 1,
    "ProjectilesPerShot" : 1,
    "AttackRecoil" : 4,
    "Instability" : 20,
    "WeaponEffectID" : "WeaponEffect-Weapon_GaussRifle",
    "Description" : {
        "Cost" : 4440000,
        "Rarity" : 99,
        "Purchasable" : false,
        "Manufacturer" : "Fal'shia",
        "Model" : "KV138",
        "UIName" : "Railgun",
        "Id" : "Weapon_Gauss_IGauss",
        "Name" : "Railgun",
        "Details" : "Импульсный скорострельный рельсотрон. Поддреживает возможность стрельбы очередями. Рельсотрон – это линейный ускоритель, который использует сверхпроводящие электроды для того, чтобы придать сплошному снаряду сверхзвуковую скорость. Столкновение снаряда с целью, сопровождаемое выделением огромного количества кинетической энергии, оказывает разрушительный эффект даже на большом расстоянии.",
        "Icon" : "uixSvgIcon_weapon_Ballistic"
    },
    "BonusValueA" : "",
    "BonusValueB" : "",
    "ComponentType" : "Weapon",
    "ComponentSubType" : "Weapon",
    "PrefabIdentifier" : "Gauss",
    "BattleValue" : 0,
    "InventorySize" : 6,
    "Tonnage" : 10,
    "AllowedLocations" : "All",
    "DisallowedLocations" : "All",
    "CriticalComponent" : false,
	"ImprovedBallistic":true, 
	"Modes":[
		{
			"Id":"x1",
			"UIName":"x1",
      "WeaponEffectID" : "WeaponEffect-Weapon_GaussRifle",
			"isBaseMode":true
		},
		{
			"Id":"x2",
			"UIName":"x2",
			"isBaseMode":false,
      "WeaponEffectID" : "WeaponEffect-Weapon_GaussRifle",
			"ShotsWhenFired" : 1
		},
		{
			"Id":"x3",
			"UIName":"x3",
			"isBaseMode":false,
      "WeaponEffectID" : "WeaponEffect-Weapon_GaussRifle",
			"ShotsWhenFired" : 2
		}
	],   
    "ComponentTags" : {
        "items" : [
            "component_type_stock",
            "component_type_lostech",
            "range_extreme",
			"BLACKLISTED"
        ],
        "tagSetSourceFile" : ""
    }
}
