{
    "Category" : "Missile",
    "Type" : "SRM",
    "WeaponSubType" : "SRM6",
    "MinRange" : 0,
    "MaxRange" : 270,
    "RangeSplit" : [
        180,
        180,
        270
    ],
    "AmmoCategory" : "SRM",
    "StartingAmmoCapacity" : 0,
    "HeatGenerated" : 12,
    "Damage" : 8,
    "OverheatedDamageMultiplier" : 0,
    "EvasiveDamageMultiplier" : 0,
    "EvasivePipsIgnored" : 0,
    "DamageVariance" : 0,
    "HeatDamage" : 0,
    "AccuracyModifier" : 0,
    "CriticalChanceMultiplier" : 1,
    "AOECapable" : false,
    "IndirectFireCapable" : false,
    "RefireModifier" : 0,
    "ShotsWhenFired" : 6,
    "ProjectilesPerShot" : 1,
    "AttackRecoil" : 1,
    "Instability" : 3,
    "WeaponEffectID" : "WeaponEffect-Weapon_SRM6",
    "Description" : {
        "Cost" : 90000,
        "Rarity" : 0,
        "Purchasable" : true,
        "Manufacturer" : "TharHes",
        "Model" : "Short-Range Missile Launcher",
        "UIName" : "SSRM6",
        "Id" : "Weapon_SSRM_SRM6_0-STOCK",
        "Name" : "SSRM6",
        "Details" : "SSRM6s are the largest available rack of Short-Range Missiles and pack considerable punch while also being lightweight. As for all SRMs, SRM6 shots deal above-average stability impact per hit compared to other weapons.",
        "Icon" : "uixSvgIcon_weapon_Missile"
    },
    "BonusValueA" : "",
    "BonusValueB" : "",
    "ComponentType" : "Weapon",
    "ComponentSubType" : "Weapon",
    "PrefabIdentifier" : "srm6",
    "Streak" : true,
    "HitGenerator" : "Streak",
    "BattleValue" : 0,
    "InventorySize" : 2,
    "Tonnage" : 3,
    "AllowedLocations" : "All",
    "DisallowedLocations" : "All",
    "CriticalComponent" : false,
    "statusEffects" : [
        
    ],
    "ComponentTags" : {
        "items" : [
            "component_type_stock",
            "range_standard"
        ],
        "tagSetSourceFile" : ""
    }
}
