{
    "Category" : "Energy",
    "Type" : "Laser",
    "WeaponSubType" : "MediumLaser",
    "MinRange" : 0,
    "MaxRange" : 270,
    "RangeSplit" : [
        180,
        180,
        270
    ],
    "AmmoCategory" : "NotSet",
    "StartingAmmoCapacity" : 0,
    "HeatGenerated" : 12,
    "Damage" : 25,
    "OverheatedDamageMultiplier" : 0,
    "EvasiveDamageMultiplier" : 0,
    "EvasivePipsIgnored" : 0,
    "DamageVariance" : 0,
    "HeatDamage" : 0,
    "AccuracyModifier" : -1,
    "CriticalChanceMultiplier" : 1,
    "AOECapable" : false,
    "IndirectFireCapable" : false,
    "RefireModifier" : 0,
    "ShotsWhenFired" : 1,
    "ProjectilesPerShot" : 1,
    "AttackRecoil" : 1,
    "Instability" : 0,
    "WeaponEffectID" : "WeaponEffect-Weapon_LaserER_Medium",
    "Description" : {
        "Cost" : 60000,
        "Rarity" : 0,
        "Purchasable" : true,
        "Manufacturer" : "Hellion",
        "Model" : "Medium Laser",
        "UIName" : "ChemLaser",
        "Id" : "Weapon_Laser_ChemicalLaser_0-STOCK",
        "Name" : "Chemical Laser",
        "Details" : "A chemical laser is a laser that obtains its energy from a chemical reaction. This weapon uses an ammo bin for an internal resevoir to hold the chemicals.\r\n\r\nIt can also be used as a normal medium laser without ammo.\r\n\r\n<b>Firing modes:</b>\r\n<b>B:</b> <i>default mode (no ammo needed)</i>\r\n   <color=#ffcc00>+1 Accuracy <i>(normal for all lasers)</i>.</color>\r\n<b>Rust:</b><i> this mode needs ammo.</i>\r\n   <color=#ffcc00>+4 Accuracy</color>\r\n   <color=#ffcc00>damage on the target is increased 20% for 2 turns.\r\n   will not stack but can be refreshed on the next hit.</color>\r\n<b>Cryo:</b><i> this mode needs ammo.</i>\r\n<color=#ffcc00>   +4 Accuracy</color>\r\n<color=#ffcc00>   +10% chance to jam <i>(for a 5 GunnerySkill pilot)</i></color>\r\n   <color=#ffcc00>leaves behind a cryogenic substance on the target\r\n   slows movement to 10%\r\n   reduces inititive for 2 turns</color>\r\n\r\n<color=#d9d9d9><b>Firing modes can be changed by clicking the right side of the weapons activation panel during combat.</b></color>",
        "Icon" : "uixSvgIcon_weapon_Energy"
    },
	"Modes": [
		{
			"Id":"Rust",
			"UIName":"Rust",
			"isBaseMode":false,
			"ShotsWhenFired":0,
			"AccuracyModifier" : -3.0,
            "WeaponEffectID" : "WeaponEffect-Weapon_LaserER_Small",
			"AmmoCategory": "LaserAmmo"
		},
		{
			"Id":"Cryo",
			"UIName":"Cryo",
			"isBaseMode":false,
            "AccuracyModifier" : -3.0,
            "DamagePerShot": 0,
			"FlatJammingChance": 0.1,
            "GunneryJammingBase": 5,
            "GunneryJammingMult": 0.1,
			"DamageOnJamming": false,
            "WeaponEffectID" : "WeaponEffect-Weapon_LaserER_Large",
			"AmmoCategory": "LaserAmmo2"
		} 	
	],
    "BonusValueA" : "Can Use",
    "BonusValueB" : "Ammo",
    "ComponentType" : "Weapon",
    "ComponentSubType" : "Weapon",
    "PrefabIdentifier" : "Laser",
    "BattleValue" : 0,
    "InventorySize" : 1,
    "Tonnage" : 1,
    "AllowedLocations" : "All",
    "DisallowedLocations" : "All",
    "CriticalComponent" : false,
    "ComponentTags" : {
        "items" : [
            "component_type_stock",
            "range_standard"
        ],
        "tagSetSourceFile" : ""
    }
}
