{
    "Category" : "Missile",
    "Type" : "SRM",
    "WeaponSubType" : "LRM5",
    "MinRange" : 0,
    "MaxRange" : 0,
    "RangeSplit" : [
        0,
        0,
        0
    ],
    "AmmoCategory" : "SRM",
    "StartingAmmoCapacity" : 0,
    "HeatGenerated" : 12,
    "Damage" : 0,
	"HitGenerator": "Cluster",
    "OverheatedDamageMultiplier" : 0,
    "EvasiveDamageMultiplier" : 0,
    "EvasivePipsIgnored" : 4,
    "DamageVariance" : 0,
    "HeatDamage" : 0,
    "AccuracyModifier" : 0.0,
    "CriticalChanceMultiplier" : 1,
    "AOECapable" : false,
    "IndirectFireCapable" : false,
    "RefireModifier" : 0,
    "ShotsWhenFired" : 6,
    "ProjectilesPerShot" : 1,
    "AttackRecoil" : 1,
    "Instability" : 3,
    "WeaponEffectID" : "WeaponEffect-Weapon_SRM6",
    "Description" : {
        "Cost" : 90000,
        "Rarity" : 0,
        "Purchasable" : true,
        "Manufacturer" : "TharHes",
        "Model" : "Short-Range Missile Launcher",
        "UIName" : "MRM6",
        "Id" : "Weapon_MRM_MRM6_0-STOCK",
        "Name" : "MRM6",
        "Details" : "MRM6",
        "Icon" : "uixSvgIcon_weapon_Missile"
    },
	"Modes":[
		{
			"Id":"LRM",
			"UIName":"LRM",
			"isBaseMode":false,
			"AIHitChanceCap": 0.1,
			"AmmoCategory" : "LRM",
			"MinRange" : 180,
			"MaxRange" : 630, 
			"ShortRange" : 420, 
			"MiddleRange" : 420, 
			"LongRange" : 630, 
			"DamagePerShot": 4.0,
			"Unguided": true
		},
		{
			"Id":"SRM",
			"UIName":"SRM",
			"isBaseMode":true,
			"AmmoCategory" : "SRM",
			"AIHitChanceCap": 0.2,
			"MinRange" : 0,
			"MaxRange" : 630, 
			"ShortRange" : 420, 
			"MiddleRange" : 420, 
			"LongRange" : 630, 
			"DamagePerShot": 8.0
		},
		{
			"Id":"SRMNS",
			"UIName":"SRM not sep.",
			"isBaseMode":false,
			"AmmoCategory" : "SRM",
			"AIHitChanceCap": 0.2,
			"MinRange" : 0,
			"MaxRange" : 630, 
			"ShortRange" : 420, 
			"MiddleRange" : 420, 
			"LongRange" : 630, 
   		    "HasShells": true,
		    "MinShellsDistance": 800,
		    "MaxShellsDistance": 30,
			"DamagePerShot": 8.0
		},
		{
			"Id":"Thunder",
			"UIName":"Thunder",
			"isBaseMode":false,
			"AmmoCategory" : "Thunder",
			"AIHitChanceCap": 0.2,
			"MinRange" : 0,
			"MaxRange" : 630, 
			"ShortRange" : 420, 
			"MiddleRange" : 420, 
			"LongRange" : 630, 
   		    "HasShells": true,
		    "MinShellsDistance": 800,
		    "MaxShellsDistance": 30,
			"DamagePerShot": 1.0,
			"ShotsWhenFired": -1.0,
			"AccuracyModifier" : 10.0
		}
	], 
    "BonusValueA" : "",
    "BonusValueB" : "",
    "ComponentType" : "Weapon",
    "ComponentSubType" : "Weapon",
    "PrefabIdentifier" : "srm6",
    "Streak" : false,
    "BattleValue" : 0,
    "InventorySize" : 2,
    "Tonnage" : 3,
    "AllowedLocations" : "All",
    "DisallowedLocations" : "All",
    "CriticalComponent" : false,
    "statusEffects" : [
        
    ],
    "ComponentTags" : {
        "items" : [
            "component_type_stock",
            "range_standard"
        ],
        "tagSetSourceFile" : ""
    }
}
