{
    "Category" : "Ballistic",
    "Type" : "Gauss",
    "WeaponSubType" : "Gauss",
    "MinRange" : 180,
    "MaxRange" : 660,
    "RangeSplit" : [
        360,
        360,
        660
    ],
    "AmmoCategory" : "GAUSS",
    "StartingAmmoCapacity" : 0,
    "HeatGenerated" : 5,
    "Damage" : 95,
    "OverheatedDamageMultiplier" : 0,
    "EvasiveDamageMultiplier" : 0,
    "EvasivePipsIgnored" : 0,
    "DamageVariance" : 0,
    "HeatDamage" : 0,
    "AccuracyModifier" : -1,
    "CriticalChanceMultiplier" : 1,
    "AOECapable" : false,
    "IndirectFireCapable" : false,
    "RefireModifier" : 0,
    "ShotsWhenFired" : 1,
    "ProjectilesPerShot" : 1,
    "AttackRecoil" : 4,
    "Instability" : 40,
    "WeaponEffectID" : "WeaponEffect-Weapon_GaussRifle",
    "Description" : {
        "Cost" : 4440000,
        "Rarity" : 99,
        "Purchasable" : false,
        "Manufacturer" : "SCI",
        "Model" : "Magnetic Cannon",
        "UIName" : "Gauss Rifle + +",
        "Id" : "Weapon_Gauss_Gauss_2-M9",
        "Name" : "Gauss Rifle",
        "Details" : "A Gauss Rifle uses electromagnetic charges to accelerate metallic rounds at extremely high speed, dealing massive damage by kinetic force alone. Unlike Autocannons, Gauss Rifles do not suffer recoil effects from firing and have a baseline bonus to accuracy.",
        "Icon" : "uixSvgIcon_weapon_Ballistic"
    },
    "BonusValueA" : "+ 20 Dmg.",
    "BonusValueB" : "",
    "ComponentType" : "Weapon",
    "ComponentSubType" : "Weapon",
    "PrefabIdentifier" : "Gauss",
    "BattleValue" : 0,
    "InventorySize" : 6,
    "Tonnage" : 12,
    "AllowedLocations" : "All",
    "DisallowedLocations" : "All",
    "CriticalComponent" : false,
    "statusEffects" : [
        
    ],
    "ComponentTags" : {
        "items" : [
            "component_type_stock",
            "component_type_lostech",
            "range_extreme",
			"BLACKLISTED"
        ],
        "tagSetSourceFile" : ""
    }
}
