{
    "Category" : "Ballistic",
    "Type" : "Autocannon",
    "WeaponSubType" : "LRM20",
    "MinRange" : 90,
    "MaxRange" : 630,
    "RangeSplit" : [
        420,
        420,
        630
    ],
    "AmmoCategory" : "AC20AOE",
    "StartingAmmoCapacity" : 0,
    "HeatGenerated" : 24,
    "Damage" : 1,
    "OverheatedDamageMultiplier" : 0,
    "EvasiveDamageMultiplier" : 0,
    "EvasivePipsIgnored" : 4,
    "DamageVariance" : 0,
    "HeatDamage" : 0,
    "AccuracyModifier" : -10,
    "CriticalChanceMultiplier" : 1,
    "IndirectFireCapable" : true,
    "AlwaysIndirectVisuals" : true,
    "RefireModifier" : 0,
    "ShotsWhenFired" : 1,
	"NotUseInMelee" : true,
    "ProjectilesPerShot" : 1,
    "AttackRecoil" : 1,
	"AMSImmune" : true,
    "Instability" : 1,
	"Modes": [
		{
			"Id":"Standard",
			"UIName":"Normal",
			"isBaseMode":true,
			"Cooldown": 1
        },
		{
			"Id":"Overload",
			"UIName":"Force",
			"isBaseMode":false,
			"RefireModifier" : 4,
			"FlatJammingChance": 0.6,
            "GunneryJammingBase": 5,
            "GunneryJammingMult": 0.1,
			"DamageOnJamming": false
		} 	
	],
    "WeaponEffectID" : "WeaponEffect-Weapon_SRM6",
    "Description" : {
        "Cost" : 420000,
        "Rarity" : 99,
        "Purchasable" : true,
        "Manufacturer" : "Kas",
        "Model" : "MMM-3 Mortar",
        "UIName" : "MORTAR",
        "Id" : "Weapon_MORTAR_0-STOCK",
        "Name" : "Warhead Launcher",
        "Details": "This custom made contraption which resembles a mortar can fire special rounds, described simply as large caliber warheads. It has two modes but the secondary mode is technically just forcing the cooldown mechanism to fail and hope it don't jam.\r\n\r\n<color=#d80404><b>Caution! The amount of damage and stability is ammo specific and in some cases could cause harm to allies in the area of impact.</b></color>\r\n\r\n<b>Firing modes:</b>\r\n<b>Normal:</b> <i>default mode</i>\r\n<color=#ffcc00>   +1 cooldown turn<i>(penalty)</i></color>\r\n<b>Force:</b><i> this mode attempts to bypass the cooldown</i>\r\n<color=#ffcc00>   +4 Recoil <i>(penalty)</i></color>\r\n\r\n<color=#d9d9d9><b>Firing modes can be changed by clicking the right side of the weapons activation panel during combat.</b></color>",
        "Icon" : "uixSvgIcon_weapon_Missile"
    },
    "BonusValueA" : "Safety",
    "BonusValueB" : "Override",
    "ComponentType" : "Weapon",
    "ComponentSubType" : "Weapon",
    "PrefabIdentifier" : "srm6",
    "BattleValue" : 0,
    "InventorySize" : 3,
    "Tonnage" : 6,
    "AllowedLocations" : "All",
    "DisallowedLocations" : "All",
    "CriticalComponent" : false,
    "statusEffects" : [
        
    ],
    "ComponentTags" : {
        "items" : [
            "component_type_stock",
            "range_very-long"
        ],
        "tagSetSourceFile" : ""
    }
}
