{
    "Category" : "Energy",
    "Type" : "Laser",
    "WeaponSubType" : "MediumLaserPulse",
    "MinRange" : 0,
    "MaxRange" : 270,
    "RangeSplit" : [
        180,
        180,
        270
    ],
    "AmmoCategory" : "NotSet",
    "StartingAmmoCapacity" : 0,
    "HeatGenerated" : 16,
    "Damage" : 30,
    "OverheatedDamageMultiplier" : 0,
    "EvasiveDamageMultiplier" : 0,
    "EvasivePipsIgnored" : 0,
    "DamageVariance" : 0,
    "HeatDamage" : 0,
    "AccuracyModifier" : -2,
    "CriticalChanceMultiplier" : 1,
    "AOECapable" : false,
    "IndirectFireCapable" : false,
    "RefireModifier" : 0,
    "ShotsWhenFired" : 1,
    "ProjectilesPerShot" : 3,
    "AttackRecoil" : 1,
    "Instability" : 0,
    "WeaponEffectID" : "WeaponEffect-Weapon_LaserPulse_Medium",
    "Description" : {
        "Cost" : 360000,
        "Rarity" : 100,
        "Purchasable" : false,
        "Manufacturer" : "SCI",
        "Model" : "Medium Pulse Laser",
        "UIName" : "M Pulse",
        "Id" : "Weapon_Laser_MediumLaserPulse_0-STOCK",
        "Name" : "M Pulse",
        "Details" : "An improvement upon standard Medium Lasers, Medium Pulse Lasers use pulses of light instead of a single beam. This results in better accuracy and damage output but with increased heat and weight. Like all Lasers, Medium Pulse Lasers enjoy a baseline accuracy bonus over other weapons.",
        "Icon" : "uixSvgIcon_weapon_Energy"
    },
    "BonusValueA" : "",
    "BonusValueB" : "",
    "ComponentType" : "Weapon",
    "ComponentSubType" : "Weapon",
    "PrefabIdentifier" : "Laser",
    "BattleValue" : 0,
    "InventorySize" : 1,
    "Tonnage" : 2,
    "AllowedLocations" : "All",
    "DisallowedLocations" : "All",
    "CriticalComponent" : false,
    "ImprovedBallistic":true,
    "FireDelayMultiplier": 0.3,
    "Modes":[
      {
        "Id":"x1",
        "UIName":"x1",
        "isBaseMode":true
      },
      {
        "Id":"x2",
        "UIName":"x2",
        "isBaseMode":false,
        "ShotsWhenFired" : 1
      },
      {
        "Id":"x3",
        "UIName":"x3",
        "isBaseMode":false,
        "ShotsWhenFired" : 2
      },
    ],
    "statusEffects" : [
        
    ],
    "ComponentTags" : {
        "items" : [
            "component_type_stock",
            "component_type_lostech",
            "range_standard",
			"BLACKLISTED"
        ],
        "tagSetSourceFile" : ""
    }
}
