[
  {
    "FileName": "",
    "Name": "AIM.INSPIRED",
    "Localization": {
      "CULTURE_EN_US": "INSPIRED"
    }
  },
  {
    "FileName": "",
    "Name": "AIM.JUMPED",
    "Localization": {
      "CULTURE_EN_US": "JUMPED"
    }
  },
  {
    "FileName": "",
    "Name": "AIM.STOOD_UP",
    "Localization": {
      "CULTURE_EN_US": "STOOD UP"
    }
  },
  {
    "FileName": "",
    "Name": "AIM.TERRAIN",
    "Localization": {
      "CULTURE_EN_US": "TERRAIN"
    }
  },
  {
    "FileName": "",
    "Name": "AIM.SENSOR_IMPAIRED",
    "Localization": {
      "CULTURE_EN_US": "SENSOR IMPAIRED"
    }
  },
  {
    "FileName": "",
    "Name": "AIM.INSPIRED",
    "Localization": {
      "CULTURE_EN_US": "INSPIRED"
    }
  },
  {
    "FileName": "",
    "Name": "AIM.SPRINTED",
    "Localization": {
      "CULTURE_EN_US": "SPRINTED"
    }
  },
  {
    "FileName": "",
    "Name": "AIM.TARGET_EFFECTS",
    "Localization": {
      "CULTURE_EN_US": "TARGET EFFECTS"
    }
  },
  {
    "FileName": "",
    "Name": "AIM.TARGET_SIZE",
    "Localization": {
      "CULTURE_EN_US": "TARGET SIZE"
    }
  },
  {
    "FileName": "",
    "Name": "AIM.TARGET_TERRAIN",
    "Localization": {
      "CULTURE_EN_US": "TARGET TERRAIN"
    }
  },
  {
    "FileName": "",
    "Name": "AIM.MOVED",
    "Localization": {
      "CULTURE_EN_US": "MOVED"
    }
  },
  {
    "FileName": "",
    "Name": "AIM.WEAPON_ACCURACY",
    "Localization": {
      "CULTURE_EN_US": "WEAPON ACCURACY"
    }
  },
  {
    "FileName": "",
    "Name": "AIM.ARM_MOUNTED",
    "Localization": {
      "CULTURE_EN_US": "ARM MOUNTED"
    }
  },
  {
    "FileName": "",
    "Name": "AIM.MIN_RANGE",
    "Localization": {
      "CULTURE_EN_US": "MIN RANGE"
    }
  },
  {
    "FileName": "",
    "Name": "AIM.SHORT_RANGE",
    "Localization": {
      "CULTURE_EN_US": "SHORT RANGE"
    }
  },
  {
    "FileName": "",
    "Name": "AIM.MED_RANGE",
    "Localization": {
      "CULTURE_EN_US": "MED RANGE"
    }
  },
  {
    "FileName": "",
    "Name": "AIM.LONG_RANGE",
    "Localization": {
      "CULTURE_EN_US": "LONG RANGE"
    }
  },
  {
    "FileName": "",
    "Name": "AIM.MAX_RANGE",
    "Localization": {
      "CULTURE_EN_US": "MAX RANGE"
    }
  },
  {
    "FileName": "",
    "Name": "AIM.OUT_OF_RANGE",
    "Localization": {
      "CULTURE_EN_US": "OUT OF RANGE"
    }
  },
  {
    "FileName": "",
    "Name": "AIM.HEIGHT",
    "Localization": {
      "CULTURE_EN_US": "HEIGHT"
    }
  },
  {
    "FileName": "",
    "Name": "AIM.INDIRECT_FIRE",
    "Localization": {
      "CULTURE_EN_US": "INDIRECT FIRE"
    }
  },
  {
    "FileName": "",
    "Name": "AIM.DAMAGED",
    "Localization": {
      "CULTURE_EN_US": "DAMAGED"
    }
  },
  {
    "FileName": "",
    "Name": "AIM.CHASSIS_DAMAGED",
    "Localization": {
      "CULTURE_EN_US": "CHASSIS DAMAGED"
    }
  },
  {
    "FileName": "",
    "Name": "AIM.OBSTRUCTED",
    "Localization": {
      "CULTURE_EN_US": "OBSTRUCTED"
    }
  },
  {
    "FileName": "",
    "Name": "AIM.RECOIL",
    "Localization": {
      "CULTURE_EN_US": "RECOIL"
    }
  },
  {
    "FileName": "",
    "Name": "AIM.TARGET_TYPE",
    "Localization": {
      "CULTURE_EN_US": "TARGET TYPE"
    }
  },
  {
    "FileName": "",
    "Name": "AIM.TARGET_MOVED",
    "Localization": {
      "CULTURE_EN_US": "TARGET MOVED"
    }
  },
  {
    "FileName": "",
    "Name": "AIM.TARGET_PRONE",
    "Localization": {
      "CULTURE_EN_US": "TARGET PRONE"
    }
  },
  {
    "FileName": "",
    "Name": "AIM.TARGET_SHUTDOWN",
    "Localization": {
      "CULTURE_EN_US": "TARGET SHUTDOWN"
    }
  },
  {
    "FileName": "",
    "Name": "AIM.SENSOR_LOCK",
    "Localization": {
      "CULTURE_EN_US": "SENSOR LOCK"
    }
  },
  {
    "FileName": "",
    "Name": "AIM.WEAPON_DAMAGED",
    "Localization": {
      "CULTURE_EN_US": "WEAPON DAMAGED"
    }
  },
  {
    "FileName": "",
    "Name": "AIM.DIRECT",
    "Localization": {
      "CULTURE_EN_US": "DIRECT"
    }
  },
  {
    "FileName": "",
    "Name": "AIM.DISTANCE",
    "Localization": {
      "CULTURE_EN_US": "DISTANCE"
    }
  },
  {
    "FileName": "",
    "Name": "AIM.WEAPON_DAMAGED",
    "Localization": {
      "CULTURE_EN_US": "WEAPON DAMAGED"
    }
  },
  {
    "FileName": "",
    "Name": "AIM.WEAPON_DAMAGED",
    "Localization": {
      "CULTURE_EN_US": "WEAPON DAMAGED"
    }
  },
  {
    "FileName": "",
    "Name": "AIM.PUNCHING_ARM",
    "Localization": {
      "CULTURE_EN_US": "PUNCHING ARM"
    }
  },
  {
    "FileName": "",
    "Name": "AIM.DEATH_FROM_ABOVE",
    "Localization": {
      "CULTURE_EN_US": "DEATH FROM ABOVE"
    }
  },
  {
    "FileName": "",
    "Name": "AIM.HEIGHT_DIFF",
    "Localization": {
      "CULTURE_EN_US": "HEIGHT DIFF"
    }
  },
  {
    "FileName": "",
    "Name": "AIM.RE_ATTACK",
    "Localization": {
      "CULTURE_EN_US": "RE-ATTACK"
    }
  },
  {
    "FileName": "",
    "Name": "AIM.CHASSIS_PENALTY",
    "Localization": {
      "CULTURE_EN_US": "CHASSIS PENALTY"
    }
  },
  {
    "FileName": "",
    "Name": "AIM.CHASSIS_BONUS",
    "Localization": {
      "CULTURE_EN_US": "CHASSIS BONUS"
    }
  },
  {
    "FileName": "",
    "Name": "AIM.FRONT_ATTACK",
    "Localization": {
      "CULTURE_EN_US": "FRONT ATTACK"
    }
  },
  {
    "FileName": "",
    "Name": "AIM.SIDE_ATTACK",
    "Localization": {
      "CULTURE_EN_US": "SIDE ATTACK"
    }
  },
  {
    "FileName": "",
    "Name": "AIM.REAR_ATTACK",
    "Localization": {
      "CULTURE_EN_US": "REAR ATTACK"
    }
  },
  {
    "FileName": "",
    "Name": "AIM.Called_Shot",
    "Localization": {
      "CULTURE_EN_US": "Called Shot"
    }
  },
  {
    "FileName": "",
    "Name": "AIM.NO_SKILL",
    "Localization": {
      "CULTURE_EN_US": "(No skills)"
    }
  },
  {
    "FileName": "",
    "Name": "AIM.HEAT",
    "Localization": {
      "CULTURE_EN_US": "Heat"
    }
  },
  {
    "FileName": "",
    "Name": "AIM.STABILITY",
    "Localization": {
      "CULTURE_EN_US": "Stab"
    }
  },
  {
    "FileName": "",
    "Name": "AIM.LIGHTMECH",
    "Localization": {
      "CULTURE_EN_US": "LT"
    }
  },
  {
    "FileName": "",
    "Name": "AIM.MEDIUMMECH",
    "Localization": {
      "CULTURE_EN_US": "MED"
    }
  },
  {
    "FileName": "",
    "Name": "AIM.HEAVYMECH",
    "Localization": {
      "CULTURE_EN_US": "HVY"
    }
  },
  {
    "FileName": "",
    "Name": "AIM.ASSAULTMECH",
    "Localization": {
      "CULTURE_EN_US": "ASLT"
    }
  },
  {
    "FileName": "",
    "Name": "AIM.JETS",
    "Localization": {
      "CULTURE_EN_US": "JETS"
    }
  },
  {
    "FileName": "",
    "Name": "AIM.TARGET1",
    "Localization": {
      "CULTURE_EN_US": " A"
    }
  },
  {
    "FileName": "",
    "Name": "AIM.TARGET2",
    "Localization": {
      "CULTURE_EN_US": " B"
    }
  },
  {
    "FileName": "",
    "Name": "AIM.TARGET3",
    "Localization": {
      "CULTURE_EN_US": " C"
    }
  },
  {
    "FileName": "",
    "Name": "AIM.MELEE",
    "Localization": {
      "CULTURE_EN_US": "Melee"
    }
  },
  {
    "FileName": "",
    "Name": "AIM.DFA",
    "Localization": {
      "CULTURE_EN_US": "DFA"
    }
  },
  {
    "FileName": "",
    "Name": "AIM.GetTotalLabel1",
    "Localization": {
      "CULTURE_EN_US": "Total"
    }
  },
  {
    "FileName": "",
    "Name": "AIM.GetTotalLabel2",
    "Localization": {
      "CULTURE_EN_US": "Stability"
    }
  },
  {
    "FileName": "",
    "Name": "AIM.REAR_ATTACK",
    "Localization": {
      "CULTURE_EN_US": "REAR ATTACK"
    }
  },
  {
    "FileName": "",
    "Name": "AIM.Dist",
    "Localization": {
      "CULTURE_EN_US": "Dist"
    }
  },
  {
    "FileName": "",
    "Name": "AIM.Damage",
    "Localization": {
      "CULTURE_EN_US": "Damage"
    }
  },
  {
    "FileName": "",
    "Name": "AIM.Long",
    "Localization": {
      "CULTURE_EN_US": "Long"
    }
  },
  {
    "FileName": "",
    "Name": "AIM.GunneryShort",
    "Localization": {
      "CULTURE_EN_US": "G"
    }
  },
  {
    "FileName": "",
    "Name": "AIM.PilotingShort",
    "Localization": {
      "CULTURE_EN_US": "P"
    }
  },
  {
    "FileName": "",
    "Name": "AIM.GutsShort",
    "Localization": {
      "CULTURE_EN_US": "G"
    }
  },
  {
    "FileName": "",
    "Name": "AIM.TacticsShort",
    "Localization": {
      "CULTURE_EN_US": "T"
    }
  },
  {
    "FileName": "",
    "Name": "AIM.Min",
    "Localization": {
      "CULTURE_EN_US": "Min"
    }
  },
  {
    "FileName": "",
    "Name": "AIM.Long",
    "Localization": {
      "CULTURE_EN_US": "Long"
    }
  },
  {
    "FileName": "",
    "Name": "AIM.Max",
    "Localization": {
      "CULTURE_EN_US": "Max"
    }
  },
  {
    "FileName": "",
    "Name": "AIM.HP",
    "Localization": {
      "CULTURE_EN_US": "HP"
    }
  },
  {
    "FileName": "",
    "Name": "AIM.Wounds",
    "Localization": {
      "CULTURE_EN_US": "Wounds"
    }
  },
  {
    "FileName": "",
    "Name": "AIM.choose_target",
    "Localization": {
      "CULTURE_EN_US": "-choose target-"
    }
  }
]