{
   "Version" : 1,
   "Description" : {
      "Id" : "vehicledef_WARRIOR_VTOL",
      "Name" : "Warrior VTOL",
      "Details" : "",
      "Icon" : "",
      "Cost" : 564,
      "Rarity" : 0,
      "Purchasable" : false
   },
   "ChassisID" : "vehiclechassisdef_WARRIOR_VTOL",
   "VehicleTags": {
      "items": [
         "unit_vehicle",
         "unit_light",
         "unit_wheels",
		 "unit_release",
		 "NoBiome_martianVacuum",
		 "NoBiome_lunarVacuum"
      ],
      "tagSetSourceFile": ""
   },
   "Locations" : [
		{
			"Location" : "Front",
			"CurrentArmor" : 60,
			"CurrentInternalStructure" : 5,
			"AssignedArmor" : 60,
			"DamageLevel" : "Functional"
		},
		{
			"Location" : "Left",
			"CurrentArmor" : 50,
			"CurrentInternalStructure" : 5,
			"AssignedArmor" : 50,
			"DamageLevel" : "Functional"
		},
		{
			"Location" : "Right",
			"CurrentArmor" : 50,
			"CurrentInternalStructure" : 5,
			"AssignedArmor" : 50,
			"DamageLevel" : "Functional"
		},
		{
			"Location" : "Rear",
			"CurrentArmor" : 50,
			"CurrentInternalStructure" : 5,
			"AssignedArmor" : 50,
			"DamageLevel" : "Functional"
		},
		{
			"Location" : "Turret",
			"CurrentArmor" : 30,
			"CurrentInternalStructure" : 5,
			"AssignedArmor" : 30,
			"DamageLevel" : "Functional"
		}
   ],
   "inventory" : [
        {
         "ComponentDefID" : "Weapon_Laser_SmallLaserER_0-STOCK",
         "ComponentDefType" : "Weapon",
         "MountedLocation" : "Front",
         "HardpointSlot" : 0,
         "prefabName": "chrprfweap_warriorvtol_turret_generic_eh1",
         "hasPrefabName": true,
         "DamageLevel" : "Functional"
        },
        {
         "ComponentDefID" : "Weapon_SRM_SRM4_0-UNG",
         "ComponentDefType" : "Weapon",
         "MountedLocation" : "Left",
         "HardpointSlot" : 0,
         "prefabName": "chrprfweap_warriorvtol_turret_generic_eh1",
         "hasPrefabName": true,
		     "DamageLevel" : "Functional"
        },
        {
         "ComponentDefID" : "Weapon_SRM_SRM4_0-UNG",
         "ComponentDefType" : "Weapon",
         "MountedLocation" : "Right",
         "HardpointSlot" : 0,
         "prefabName": "chrprfweap_warriorvtol_turret_generic_eh1",
         "hasPrefabName": true,
		     "DamageLevel" : "Functional"
        },
        {
         "ComponentDefID" : "Ammo_AmmunitionBox_Generic_SRM",
         "ComponentDefType" : "AmmunitionBox",
         "MountedLocation" : "Front",
         "HardpointSlot" : -1,
         "DamageLevel" : "Functional"
        }
   ]
}
