{
    "Description" : {
        "Cost" : 1900000,
        "Rarity" : 0,
        "Purchasable" : true,
        "Manufacturer" : "",
        "Model" : "",
        "UIName" : "UrbanMech",
        "Id" : "chassisdef_urbanmech_UM-KM",
        "Name" : "SuburbanMech",
        "Details" : "The UM-KM 'SuburbanMech' adapts the traditional UrbanMech R60 into an energy weapon platform for higher performance. Because its weapons aren't limited by ammunition concerns, the R90 is better-suited to longer engagements.",
        "Icon" : "uixTxrIcon_urbanmech"
    },
    "MovementCapDefID" : "movedef_urbanmech_UM-R90",
    "PathingCapDefID" : "pathingdef_light",
    "HardpointDataDefID" : "hardpointdatadef_urbanmech",
    "PrefabIdentifier" : "chrPrfMech_urbanmechBase-001",
    "PrefabBase" : "urbanmech",
    "VariantName" : "UM-KM",
    "StockRole" : "Heavy Defender",
    "YangsThoughts" : "This is an UrbanMech variant I've never even heard of before. It's got the same armor as a standard R60, but this R90 is armed entirely with energy weapons, including a PPC for long-range power. I'm not sure why nobody thought of this sooner.",
    "Tonnage" : 35,
    "InitialTonnage" : 4,
    "weightClass" : "LIGHT",
    "Heatsinks" : 0,
    "TopSpeed" : 85,
    "TurnRadius" : 90,
    "MaxJumpjets" : 4,
    "Stability" : 100,
    "StabilityDefenses" : [
        0,
        0,
        0,
        0,
        0,
        0
    ],
    "SpotterDistanceMultiplier" : 1,
    "VisibilityMultiplier" : 1,
    "SensorRangeMultiplier" : 1,
    "Signature" : 0,
    "Radius" : 4,
    "PunchesWithLeftArm" : false,
    "MeleeDamage" : 40,
    "MeleeInstability" : 30,
    "MeleeToHitModifier" : 0,
    "DFADamage" : 40,
    "DFAToHitModifier" : 0,
    "DFASelfDamage" : 40,
    "DFAInstability" : 40,
    "ChassisTags" : {
        "items" : [
            
        ],
        "tagSetSourceFile" : ""
    },
    "Locations" : [
        {
            "Location" : "Head",
            "Hardpoints" : [
                
            ],
            "Tonnage" : 0,
            "InventorySlots" : 1,
            "MaxArmor" : 45,
            "MaxRearArmor" : -1,
            "InternalStructure" : 16
        },
        {
            "Location" : "LeftArm",
            "Hardpoints" : [
                {
                    "WeaponMount" : "AntiPersonnel",
                    "Omni" : false
                },
                {
                    "WeaponMount" : "AntiPersonnel",
                    "Omni" : false
                }
            ],
            "Tonnage" : 0,
            "InventorySlots" : 8,
            "MaxArmor" : 50,
            "MaxRearArmor" : -1,
            "InternalStructure" : 25
        },
        {
            "Location" : "LeftTorso",
            "Hardpoints" : [
                {
                    "WeaponMount" : "Energy",
                    "Omni" : false
                },
                {
                    "WeaponMount" : "Energy",
                    "Omni" : false
                }
            ],
            "Tonnage" : 0,
            "InventorySlots" : 10,
            "MaxArmor" : 70,
            "MaxRearArmor" : 35,
            "InternalStructure" : 35
        },
        {
            "Location" : "CenterTorso",
            "Hardpoints" : [
                
            ],
            "Tonnage" : 0,
            "InventorySlots" : 4,
            "MaxArmor" : 100,
            "MaxRearArmor" : 50,
            "InternalStructure" : 50
        },
        {
            "Location" : "RightTorso",
            "Hardpoints" : [],
            "Tonnage" : 0,
            "InventorySlots" : 10,
            "MaxArmor" : 70,
            "MaxRearArmor" : 35,
            "InternalStructure" : 35
        },
        {
            "Location" : "RightArm",
            "Hardpoints" : [
                {
                    "WeaponMount" : "Ballistic",
                    "Omni" : false
                }
            ],
            "Tonnage" : 0,
            "InventorySlots" : 8,
            "MaxArmor" : 50,
            "MaxRearArmor" : -1,
            "InternalStructure" : 25
        },
        {
            "Location" : "LeftLeg",
            "Hardpoints" : [
                
            ],
            "Tonnage" : 0,
            "InventorySlots" : 4,
            "MaxArmor" : 70,
            "MaxRearArmor" : -1,
            "InternalStructure" : 35
        },
        {
            "Location" : "RightLeg",
            "Hardpoints" : [
                
            ],
            "Tonnage" : 0,
            "InventorySlots" : 4,
            "MaxArmor" : 70,
            "MaxRearArmor" : -1,
            "InternalStructure" : 35
        }
    ],
    "LOSSourcePositions" : [
        {
            "x" : 0,
            "y" : 9.5,
            "z" : 0.5
        },
        {
            "x" : -2.5,
            "y" : 8.5,
            "z" : -0.5
        },
        {
            "x" : 2.5,
            "y" : 8.5,
            "z" : -0.5
        }
    ],
    "LOSTargetPositions" : [
        {
            "x" : 0,
            "y" : 9.5,
            "z" : 0.5
        },
        {
            "x" : -2.5,
            "y" : 8.5,
            "z" : -0.5
        },
        {
            "x" : 2.5,
            "y" : 8.5,
            "z" : -0.5
        },
        {
            "x" : -1.5,
            "y" : 3,
            "z" : 0.5
        },
        {
            "x" : 1.5,
            "y" : 3,
            "z" : 0.5
        }
    ],
    "FixedEquipment" : null
}
