{
    "Description": {
        "Cost": 10900000,
        "Rarity": 99,
        "Purchasable": false,
        "Manufacturer": "",
        "Model": "",
        "UIName": "KingCrab-A",
        "Id": "chassisdef_kingcrab_KGC-A",
        "Name": "KingCrab-A",
        "Details": "One of the most heavily armed and armored 'Mechs ever constructed, the King Crab 0000 is capable of massive burst damage. A pair of heavy, close-range Autocannons form its primary weaponry, backed up by ranged weaponry to fire as it closes distance.",
        "Icon": "uixTxrIcon_kingcrab"
    },
    "CustomParts":{
      "Unaffected":{
        "DesignMasks":"false",
        "Pathing":"false",
        "Fire":"false",
        "Landmines":"true"
      },
      "MoveCost": "Hover",
      "MoveCostModPerBiome":{
        "DesignMaskBiomeMartianVacuum":1.0,
        "DesignMaskBiomeLunarVacuum":1.0
      },
      "CustomParts":[
        {
          "prefab":"circle_saw_gringer",
          "MaterialInfo":{
            "RA_Grinder_Blade_3Mat":{
              "shader": "battletechstandartshader",
              "shaderKeyWords":["_DETAIL_OVERLAY","_EMISSION","_METALLICGLOSSMAP","_NORMALMAP"]
            }
          },
          "prefabTransform":{
            "offset":  {"x":1.5,"y":-2,"z":0},
            "scale":   {"x":0.02,"y":0.02,"z":0.02},
            "rotate":{"x":0, "y":-90, "z":-90}
          },
          "MechChassisLocation":"RightArm",
          "RequiredUpgrades":["Gear_Actuator_Coventry_Alpha"],
          "AnimationType":"SimpleRotator",
          "AnimationData":{"speed":-10,"axis":"z","sound":"","rotateBone":"saw"}
        }
      ]
    },
    "MovementCapDefID": "movedef_kingcrab_KGC-0000",
    "PathingCapDefID": "pathingdef_assault",
    "HardpointDataDefID": "hardpointdatadef_kingcrab",
    "PrefabIdentifier": "chrPrfMech_kingcrabBase-001",
    "PrefabBase": "kingcrab",
    "Tonnage": 100,
    "InitialTonnage": 20,
    "weightClass": "ASSAULT",
    "BattleValue": 10206000,
    "Heatsinks": 0,
    "TopSpeed": 105,
    "TurnRadius": 90,
    "MaxJumpjets": 3,
    "Stability": 200,
    "StabilityDefenses": [
        0,
        0,
        0,
        0,
        0,
        0
    ],
    "SpotterDistanceMultiplier": 1,
    "VisibilityMultiplier": 1,
    "SensorRangeMultiplier": 1,
    "Signature": 0,
    "Radius": 8,
    "PunchesWithLeftArm": false,
    "MeleeDamage": 125,
    "MeleeInstability": 100,
    "MeleeToHitModifier": 0,
    "DFADamage": 125,
    "DFAToHitModifier": 0,
    "DFASelfDamage": 125,
    "DFAInstability": 125,
    "Locations": [
        {
            "Location": "Head",
            "Hardpoints": [],
            "Tonnage": 0,
            "InventorySlots": 1,
            "MaxArmor": 45,
            "MaxRearArmor": -1,
            "InternalStructure": 16
        },
        {
            "Location": "LeftArm",
            "Hardpoints": [
                {
                    "WeaponMount": "Ballistic",
                    "Omni": false
                },
                {
                    "WeaponMount": "AntiPersonnel",
                    "Omni": false
                },
                {
                    "WeaponMount": "AntiPersonnel",
                    "Omni": false
                }
            ],
            "Tonnage": 0,
            "InventorySlots": 10,
            "MaxArmor": 170,
            "MaxRearArmor": -1,
            "InternalStructure": 85
        },
        {
            "Location": "LeftTorso",
            "Hardpoints": [
                {
                    "WeaponMount": "Missile",
                    "Omni": false
                },
                {
                    "WeaponMount": "Missile",
                    "Omni": false
                },
                {
                    "WeaponMount": "Missile",
                    "Omni": false
                },
                {
                    "WeaponMount": "Missile",
                    "Omni": false
                }
            ],
            "Tonnage": 0,
            "InventorySlots": 12,
            "MaxArmor": 210,
            "MaxRearArmor": 105,
            "InternalStructure": 105
        },
        {
            "Location": "CenterTorso",
            "Hardpoints": [],
            "Tonnage": 0,
            "InventorySlots": 6,
            "MaxArmor": 310,
            "MaxRearArmor": 155,
            "InternalStructure": 155
        },
        {
            "Location": "RightTorso",
            "Hardpoints": [
                {
                    "WeaponMount": "Energy",
                    "Omni": false
                },
                {
                    "WeaponMount": "Energy",
                    "Omni": false
                },
                {
                    "WeaponMount": "Energy",
                    "Omni": false
                },
                {
                    "WeaponMount": "Energy",
                    "Omni": false
                }
            ],
            "Tonnage": 0,
            "InventorySlots": 12,
            "MaxArmor": 210,
            "MaxRearArmor": 105,
            "InternalStructure": 105
        },
        {
            "Location": "RightArm",
            "Hardpoints": [
                {
                    "WeaponMount": "Ballistic",
                    "Omni": false
                },
                {
                    "WeaponMount": "AntiPersonnel",
                    "Omni": false
                },
                {
                    "WeaponMount": "AntiPersonnel",
                    "Omni": false
                }
            ],
            "Tonnage": 0,
            "InventorySlots": 10,
            "MaxArmor": 170,
            "MaxRearArmor": -1,
            "InternalStructure": 85
        },
        {
            "Location": "LeftLeg",
            "Hardpoints": [],
            "Tonnage": 0,
            "InventorySlots": 6,
            "MaxArmor": 210,
            "MaxRearArmor": -1,
            "InternalStructure": 105
        },
        {
            "Location": "RightLeg",
            "Hardpoints": [],
            "Tonnage": 0,
            "InventorySlots": 6,
            "MaxArmor": 210,
            "MaxRearArmor": -1,
            "InternalStructure": 105
        }
    ],
    "LOSSourcePositions": [
        {
            "x": 0,
            "y": 14.5,
            "z": 0
        },
        {
            "x": 4,
            "y": 15,
            "z": -1
        },
        {
            "x": -4,
            "y": 15,
            "z": -1
        }
    ],
    "LOSTargetPositions": [
        {
            "x": 0,
            "y": 14.5,
            "z": 0
        },
        {
            "x": 4,
            "y": 15,
            "z": -1
        },
        {
            "x": -4,
            "y": 15,
            "z": -1
        },
        {
            "x": 3.5,
            "y": 5.5,
            "z": -1
        },
        {
            "x": -3.5,
            "y": 5.5,
            "z": -1
        }
    ],
    "VariantName": "KGC-A",
    "ChassisTags": {
        "items": [],
        "tagSetSourceFile": ""
    },
    "StockRole": "Juggernaut & Close Assault",
    "YangsThoughts": "One of the most heavily armed and armored 'Mechs ever constructed, the King Crab 0000 is capable of massive burst damage. A pair of heavy, close-range Autocannons form its primary weaponry, backed up by ranged weaponry to fire as it closes distance."
}