[
  {
    "FileName": "",
    "Name": "AIM.INSPIRED",
    "Localization": {
      "CULTURE_EN_US": "INSPIRED"
    }
  },
  {
    "FileName": "",
    "Name": "AIM.JUMPED",
    "Localization": {
      "CULTURE_EN_US": "JUMPED"
    }
  },
  {
    "FileName": "",
    "Name": "AIM.STOOD_UP",
    "Localization": {
      "CULTURE_DE_DE": "STOOD UP"
    }
  },
  {
    "FileName": "",
    "Name": "AIM.TERRAIN",
    "Localization": {
      "CULTURE_DE_DE": "TERRAIN"
    }
  },
  {
    "FileName": "",
    "Name": "AIM.SENSOR_IMPAIRED",
    "Localization": {
      "CULTURE_DE_DE": "SENSOR IMPAIRED"
    }
  },
  {
    "FileName": "",
    "Name": "AIM.INSPIRED",
    "Localization": {
      "CULTURE_DE_DE": "INSPIRED"
    }
  },
  {
    "FileName": "",
    "Name": "AIM.SPRINTED",
    "Localization": {
      "CULTURE_DE_DE": "SPRINTED"
    }
  },
  {
    "FileName": "",
    "Name": "AIM.TARGET_EFFECTS",
    "Localization": {
      "CULTURE_DE_DE": "TARGET EFFECTS"
    }
  },
  {
    "FileName": "",
    "Name": "AIM.TARGET_SIZE",
    "Localization": {
      "CULTURE_DE_DE": "TARGET SIZE"
    }
  },
  {
    "FileName": "",
    "Name": "AIM.TARGET_TERRAIN",
    "Localization": {
      "CULTURE_DE_DE": "TARGET TERRAIN"
    }
  },
  {
    "FileName": "",
    "Name": "AIM.MOVED",
    "Localization": {
      "CULTURE_DE_DE": "MOVED"
    }
  },
  {
    "FileName": "",
    "Name": "AIM.WEAPON_ACCURACY",
    "Localization": {
      "CULTURE_DE_DE": "WEAPON ACCURACY"
    }
  },
  {
    "FileName": "",
    "Name": "AIM.ARM_MOUNTED",
    "Localization": {
      "CULTURE_DE_DE": "ARM MOUNTED"
    }
  },
  {
    "FileName": "",
    "Name": "AIM.MIN_RANGE",
    "Localization": {
      "CULTURE_DE_DE": "MIN RANGE"
    }
  },
  {
    "FileName": "",
    "Name": "AIM.SHORT_RANGE",
    "Localization": {
      "CULTURE_DE_DE": "SHORT RANGE"
    }
  },
  {
    "FileName": "",
    "Name": "AIM.MED_RANGE",
    "Localization": {
      "CULTURE_DE_DE": "MED RANGE"
    }
  },
  {
    "FileName": "",
    "Name": "AIM.LONG_RANGE",
    "Localization": {
      "CULTURE_DE_DE": "LONG RANGE"
    }
  },
  {
    "FileName": "",
    "Name": "AIM.MAX_RANGE",
    "Localization": {
      "CULTURE_DE_DE": "MAX RANGE"
    }
  },
  {
    "FileName": "",
    "Name": "AIM.OUT_OF_RANGE",
    "Localization": {
      "CULTURE_DE_DE": "OUT OF RANGE"
    }
  },
  {
    "FileName": "",
    "Name": "AIM.HEIGHT",
    "Localization": {
      "CULTURE_DE_DE": "HEIGHT"
    }
  },
  {
    "FileName": "",
    "Name": "AIM.INDIRECT_FIRE",
    "Localization": {
      "CULTURE_DE_DE": "INDIRECT FIRE"
    }
  },
  {
    "FileName": "",
    "Name": "AIM.DAMAGED",
    "Localization": {
      "CULTURE_DE_DE": "DAMAGED"
    }
  },
  {
    "FileName": "",
    "Name": "AIM.CHASSIS_DAMAGED",
    "Localization": {
      "CULTURE_DE_DE": "CHASSIS DAMAGED"
    }
  },
  {
    "FileName": "",
    "Name": "AIM.OBSTRUCTED",
    "Localization": {
      "CULTURE_DE_DE": "OBSTRUCTED"
    }
  },
  {
    "FileName": "",
    "Name": "AIM.RECOIL",
    "Localization": {
      "CULTURE_DE_DE": "RECOIL"
    }
  },
  {
    "FileName": "",
    "Name": "AIM.TARGET_TYPE",
    "Localization": {
      "CULTURE_DE_DE": "TARGET TYPE"
    }
  },
  {
    "FileName": "",
    "Name": "AIM.TARGET_MOVED",
    "Localization": {
      "CULTURE_DE_DE": "TARGET MOVED"
    }
  },
  {
    "FileName": "",
    "Name": "AIM.TARGET_PRONE",
    "Localization": {
      "CULTURE_DE_DE": "TARGET PRONE"
    }
  },
  {
    "FileName": "",
    "Name": "AIM.TARGET_SHUTDOWN",
    "Localization": {
      "CULTURE_DE_DE": "TARGET SHUTDOWN"
    }
  },
  {
    "FileName": "",
    "Name": "AIM.SENSOR_LOCK",
    "Localization": {
      "CULTURE_DE_DE": "SENSOR LOCK"
    }
  },
  {
    "FileName": "",
    "Name": "AIM.WEAPON_DAMAGED",
    "Localization": {
      "CULTURE_DE_DE": "WEAPON DAMAGED"
    }
  },
  {
    "FileName": "",
    "Name": "AIM.DIRECT",
    "Localization": {
      "CULTURE_DE_DE": "DIRECT"
    }
  },
  {
    "FileName": "",
    "Name": "AIM.DISTANCE",
    "Localization": {
      "CULTURE_DE_DE": "DISTANCE"
    }
  },
  {
    "FileName": "",
    "Name": "AIM.WEAPON_DAMAGED",
    "Localization": {
      "CULTURE_DE_DE": "WEAPON DAMAGED"
    }
  },
  {
    "FileName": "",
    "Name": "AIM.WEAPON_DAMAGED",
    "Localization": {
      "CULTURE_DE_DE": "WEAPON DAMAGED"
    }
  },
  {
    "FileName": "",
    "Name": "AIM.PUNCHING_ARM",
    "Localization": {
      "CULTURE_DE_DE": "PUNCHING ARM"
    }
  },
  {
    "FileName": "",
    "Name": "AIM.DEATH_FROM_ABOVE",
    "Localization": {
      "CULTURE_DE_DE": "DEATH FROM ABOVE"
    }
  },
  {
    "FileName": "",
    "Name": "AIM.HEIGHT_DIFF",
    "Localization": {
      "CULTURE_DE_DE": "HEIGHT DIFF"
    }
  },
  {
    "FileName": "",
    "Name": "AIM.RE_ATTACK",
    "Localization": {
      "CULTURE_DE_DE": "RE-ATTACK"
    }
  },
  {
    "FileName": "",
    "Name": "AIM.CHASSIS_PENALTY",
    "Localization": {
      "CULTURE_DE_DE": "CHASSIS PENALTY"
    }
  },
  {
    "FileName": "",
    "Name": "AIM.CHASSIS_BONUS",
    "Localization": {
      "CULTURE_DE_DE": "CHASSIS BONUS"
    }
  },
  {
    "FileName": "",
    "Name": "AIM.FRONT_ATTACK",
    "Localization": {
      "CULTURE_DE_DE": "FRONT ATTACK"
    }
  },
  {
    "FileName": "",
    "Name": "AIM.SIDE_ATTACK",
    "Localization": {
      "CULTURE_DE_DE": "SIDE ATTACK"
    }
  },
  {
    "FileName": "",
    "Name": "AIM.REAR_ATTACK",
    "Localization": {
      "CULTURE_DE_DE": "REAR ATTACK"
    }
  },
  {
    "FileName": "",
    "Name": "AIM.Called_Shot",
    "Localization": {
      "CULTURE_DE_DE": "Called Shot"
    }
  },
  {
    "FileName": "",
    "Name": "AIM.NO_SKILL",
    "Localization": {
      "CULTURE_DE_DE": "(No skills)"
    }
  },
  {
    "FileName": "",
    "Name": "AIM.HEAT",
    "Localization": {
      "CULTURE_DE_DE": "Heat"
    }
  },
  {
    "FileName": "",
    "Name": "AIM.STABILITY",
    "Localization": {
      "CULTURE_DE_DE": "Stab"
    }
  },
  {
    "FileName": "",
    "Name": "AIM.LIGHTMECH",
    "Localization": {
      "CULTURE_DE_DE": "LT"
    }
  },
  {
    "FileName": "",
    "Name": "AIM.MEDIUMMECH",
    "Localization": {
      "CULTURE_DE_DE": "MED"
    }
  },
  {
    "FileName": "",
    "Name": "AIM.HEAVYMECH",
    "Localization": {
      "CULTURE_DE_DE": "HVY"
    }
  },
  {
    "FileName": "",
    "Name": "AIM.ASSAULTMECH",
    "Localization": {
      "CULTURE_DE_DE": "ASLT"
    }
  },
  {
    "FileName": "",
    "Name": "AIM.JETS",
    "Localization": {
      "CULTURE_DE_DE": "JETS"
    }
  },
  {
    "FileName": "",
    "Name": "AIM.TARGET1",
    "Localization": {
      "CULTURE_DE_DE": " A"
    }
  },
  {
    "FileName": "",
    "Name": "AIM.TARGET2",
    "Localization": {
      "CULTURE_DE_DE": " B"
    }
  },
  {
    "FileName": "",
    "Name": "AIM.TARGET3",
    "Localization": {
      "CULTURE_DE_DE": " C"
    }
  },
  {
    "FileName": "",
    "Name": "AIM.MELEE",
    "Localization": {
      "CULTURE_DE_DE": "Melee"
    }
  },
  {
    "FileName": "",
    "Name": "AIM.DFA",
    "Localization": {
      "CULTURE_DE_DE": "DFA"
    }
  },
  {
    "FileName": "",
    "Name": "AIM.GetTotalLabel1",
    "Localization": {
      "CULTURE_DE_DE": "Total"
    }
  },
  {
    "FileName": "",
    "Name": "AIM.GetTotalLabel2",
    "Localization": {
      "CULTURE_DE_DE": "Stability"
    }
  },
  {
    "FileName": "",
    "Name": "AIM.REAR_ATTACK",
    "Localization": {
      "CULTURE_DE_DE": "REAR ATTACK"
    }
  }
]